Country;2005;2006;2007;2008;2009;2010;2011;2012;2013;2014;2015;2016;2017;2018
Aruba;100031;100834;101222;101358;101455;101669;102046;102560;103159;103774;104341;104872;105366;105845
Afghanistan;25654277;26433049;27100536;27722276;28394813;29185507;30117413;31161376;32269589;33370794;34413603;35383128;36296400;37172386
Angola;19433602;20149901;20905363;21695634;22514281;23356246;24220661;25107931;26015780;26941779;27884381;28842484;29816748;30809762
Albania;3011487;2992547;2970017;2947314;2927519;2913021;2905195;2900401;2895092;2889104;2880703;2876101;2873457;2866376
Andorra;78867;80993;82684;83862;84463;84449;83747;82427;80774;79213;78011;77297;77001;77006
Arab World;314965793;322452754;330290716;338395961;346629220;354890042;363158703;371443547;379705717;387907747;396028278;404024435;411898967;419790591
United Arab Emirates;4588225;5300174;6168838;7089487;7917372;8549988;8946777;9141596;9197910;9214175;9262900;9360980;9487203;9630959
Argentina;38892931;39289878;39684295;40080160;40482788;40788453;41261490;41733271;42202935;42669500;43131966;43590368;44044811;44494502
Armenia;2981269;2958307;2932618;2907618;2888092;2877319;2876538;2884229;2897584;2912403;2925553;2936146;2944809;2951776
American Samoa;59562;59107;58365;57492;56683;56079;55759;55667;55713;55791;55812;55741;55620;55465
Antigua and Barbuda;81465;82704;84026;85397;86746;88028;89253;90409;91516;92562;93566;94527;95426;96286
Australia;20394800;20697900;20827600;21249200;21691700;22031750;22340024;22733465;23128129;23475686;23815995;24190907;24601860;24982688
Austria;8227829;8268641;8295487;8321496;8343323;8363404;8391643;8429991;8479823;8546356;8642699;8736668;8797566;8840521
Azerbaijan;8391850;8484550;8581300;8763400;8947243;9054332;9173082;9295784;9416801;9535079;9649341;9757812;9854033;9939771
Burundi;7364862;7607849;7862214;8126102;8397668;8675602;8958406;9245988;9540289;9844297;10160030;10487998;10827024;11175378
Belgium;10478617;10547958;10625700;10709973;10796493;10895586;11038264;11106932;11159407;11209057;11274196;11331422;11375158;11427054
Benin;7982225;8216897;8454793;8696921;8944708;9199259;9460830;9729248;10004588;10286842;10575952;10872067;11175204;11485048
Burkina Faso;13421930;13829176;14252021;14689725;15141098;15605217;16081911;16571246;17072775;17586017;18110624;18646378;19193284;19751535
Bangladesh;139035505;140921167;142660376;144304167;145924797;147575430;149273778;151007807;152764676;154520167;156256276;157970840;159670593;161356039
Bulgaria;7658972;7601022;7545338;7492561;7444443;7395599;7348328;7305888;7265115;7223938;7177991;7127822;7075947;7025037
Bahrain;889164;958418;1035919;1114641;1185076;1240860;1278151;1299943;1315029;1336075;1371851;1425791;1494074;1569439
Bahamas, The;324859;331033;337389;343681;349604;354942;359577;363584;367168;370633;374206;377931;381761;385640
Bosnia and Herzegovina;3765331;3765424;3762786;3754271;3735938;3705472;3661175;3604972;3542605;3482104;3429361;3386267;3351527;3323929
Belarus;9663915;9604924;9560953;9527985;9506765;9490583;9473172;9464495;9465997;9474511;9489616;9501534;9498264;9483499
Belize;283800;291329;299025;306823;314655;322464;330237;338000;345715;353366;360933;368400;375769;383071
Bermuda;64154;64523;64888;65273;65636;65124;64564;64798;65001;65138;65237;64554;63873;63920
Bolivia;9232306;9395446;9558439;9721454;9884781;10048590;10212954;10377676;10542376;10706517;10869730;11031813;11192854;11353142
Brazil;186127103;188167356;190130443;192030362;193886508;195713635;197514534;199287296;201035903;202763735;204471769;206163058;207833831;209469333
Barbados;276323;277477;278700;279946;281104;282131;282987;283700;284296;284825;285324;285796;286233;286641
Brunei Darussalam;365114;370263;374965;379421;383906;388646;393688;398989;404421;409769;414907;419800;424473;428962
Bhutan;648739;657410;664876;671613;678323;685503;693298;701583;710238;719056;727876;736709;745568;754394
Botswana;1799078;1835908;1875459;1915639;1953498;1987105;2015402;2039551;2062536;2088614;2120716;2159944;2205128;2254126
Central African Republic;4038382;4118069;4198010;4273366;4337625;4386768;4418636;4436415;4447942;4464175;4493170;4537687;4596028;4666377
Canada;32243753;32571174;32889025;33247118;33628895;34004889;34339328;34714222;35082954;35437435;35702908;36109487;36543321;37057765
Central Europe and the Baltics;106041911;105772481;105378748;105001883;104800475;104421447;104174038;103935318;103713726;103496179;103257886;102994278;102738653;102537026
Switzerland;7437115;7483934;7551117;7647675;7743831;7824909;7912398;7996861;8089346;8188649;8282396;8373338;8451840;8514329
Channel Islands;151678;153008;154636;156433;158178;159734;160998;162056;163038;164100;165385;166923;168665;170499
Chile;16182721;16354504;16530195;16708258;16886186;17062536;17233576;17400347;17571507;17758959;17969353;18209068;18470439;18729160
China;1303720000;1311020000;1317885000;1324655000;1331260000;1337705000;1344130000;1350695000;1357380000;1364270000;1371220000;1378665000;1386395000;1392730000
Cote d'Ivoire;18354514;18754916;19171237;19605569;20059147;20532950;21028655;21547188;22087505;22647683;23226143;23822714;24437469;25069229
Cameroon;17733410;18223674;18730282;19252666;19789919;20341241;20906388;21485266;22077298;22681858;23298368;23926539;24566045;25216237
Congo, Dem. Rep.;54785903;56578037;58453683;60411195;62448574;64563854;66755153;69020747;71358807;73767447;76244544;78789127;81398764;84068091
Congo, Rep.;3622775;3745141;3876119;4011486;4145391;4273731;4394844;4510198;4622761;4736974;4856095;4980999;5110702;5244363
Colombia;42647723;43200897;43737516;44254975;44750054;45222700;45663099;46076848;46497267;46969209;47520667;48171392;48901066;49648685
Comoros;611627;626425;641620;657229;673252;689692;706569;723871;741505;759390;777424;795592;813892;832322
Cabo Verde;463032;469170;475060;480842;486671;492654;498856;505235;511748;518269;524743;531146;537497;543767
Costa Rica;4285502;4345412;4404628;4463125;4520740;4577378;4633086;4688000;4742107;4795396;4847804;4899345;4949954;4999441
Caribbean small states;6742717;6788123;6833393;6878978;6925452;6973206;7022387;7072665;7123332;7173435;7222212;7269386;7314990;7358965
Cuba;11261582;11261248;11251122;11236971;11226709;11225832;11236670;11257101;11282720;11306902;11324781;11335109;11339259;11338138
Curacao;137658;141239;144056;145880;146833;148703;150831;152088;153822;155909;157980;159664;160175;159800
Cayman Islands;49261;50740;52280;53836;55322;56672;57878;58958;59932;60848;61724;62569;63382;64174
Cyprus;1027662;1045507;1063713;1081563;1098083;1112612;1124833;1135046;1143866;1152285;1160985;1170187;1179680;1189265
Czechia;10211216;10238905;10298828;10384603;10443936;10474410;10496088;10510785;10514272;10525347;10546059;10566332;10594438;10629928
Germany;82469422;82376451;82266372;82110097;81902307;81776930;80274983;80425823;80645605;80982500;81686611;82348669;82657002;82905782
Djibouti;783254;794563;805451;816358;827823;840198;853674;868136;883293;898696;913993;929112;944097;958920
Dominica;70589;70718;70795;70827;70851;70878;70916;70965;71016;71085;71183;71307;71458;71625
Denmark;5419432;5437272;5461438;5493621;5523095;5547683;5570572;5591572;5614932;5643475;5683483;5728010;5764980;5793636
Dominican Republic;9097257;9218686;9338861;9458075;9576737;9695121;9813210;9930911;10048224;10165178;10281680;10397743;10513131;10627165
Algeria;33149724;33641002;34166972;34730608;35333881;35977455;36661444;37383887;38140132;38923687;39728025;40551404;41389198;42228429
East Asia & Pacific (excluding high income);1895275474;1909891462;1924018226;1938057249;1952017409;1965954304;1980035609;1994391099;2008921191;2023597462;2038190036;2053103802;2068142784;2081639097
Early-demographic dividend;2689792049;2733278836;2776922496;2820636595;2864298834;2907916913;2951429048;2994364053;3037111086;3079708546;3122156912;3164386917;3206361023;3248239448
East Asia & Pacific;2131146832;2146744075;2161785573;2177119142;2192059415;2206884624;2221673110;2236819053;2252046977;2267482299;2282855831;2298486142;2314097713;2328138066
Europe & Central Asia (excluding high income);370632537;371318140;372332605;373751805;375674687;377835769;380165082;382509766;385088778;387660810;390295673;392870484;395289709;397435105.5
Europe & Central Asia;871456632;874157201;877300672;880829122;884469375;887926820;890162706;893788642;898060416;902406816;906707416;910904758;914585461;917922618.5
Ecuador;13825847;14059384;14296557;14535739;14774424;15011117;15243883;15474102;15707474;15951838;16212020;16491115;16785361;17084357
Egypt, Arab Rep.;75523569;76873663;78232126;79636079;81134798;82761235;84529250;86422240;88404640;90424654;92442547;94447072;96442593;98423595
Euro area;329380417;330922789;332645165;334274725;335360890;336151479;335419643;336159194;337302113;338462222;339488380;340481753;341163597;341843156
Eritrea;2826659;2918205;2996536;3062779;3119920;3170435;3213972;3250099;3281450;3311449;3342818;3376558;3412891;3452786
Spain;43653155;44397319;45226803;45954106;46362946;46576897;46742697;46773055;46620045;46480882;46444832;46484062;46593236;46797754
Estonia;1354775;1346810;1340680;1337090;1334515;1331475;1327439;1322696;1317997;1314545;1315407;1315790;1317384;1321977
Ethiopia;76346311;78489206;80674348;82916235;85233913;87639964;90139927;92726971;95385785;98094253;100835458;103603501;106400024;109224559
European Union;435581949;436998049;438468400;439876674;440917800;441532412;440746976;441395932;442469471;443576663;444543759;445487728;446131273;446777673
Fragile and conflict affected situations;572498604;587009010;601759996;616786947;632127588;647810261;663884474;680326998;697006260;713739741;730424930;747004599;763578047;780467640
Finland;5246096;5266268;5288720;5313399;5338871;5363352;5388272;5413971;5438972;5461512;5479531;5495303;5508214;5515525
Fiji;821604;827870;836190;845361;853637;859818;863449;865069;865608;866453;868627;872399;877459;883483
France;63179351;63621381;64016225;64374984;64707040;65027507;65342780;65659809;65998687;66312067;66548272;66724104;66864379;66965912
Faroe Islands;47722;47792;47825;47820;47808;47814;47823;47843;47892;47960;48051;48173;48331;48497
Micronesia, Fed. Sts.;106129;105371;104444;103543;102975;102911;103450;104506;105926;107446;108895;110215;111459;112640
Gabon;1390549;1430152;1472575;1518540;1568928;1624140;1684635;1749682;1817071;1883800;1947686;2007873;2064823;2119275
United Kingdom;60401206;60846820;61322463;61806995;62276270;62766365;63258810;63700215;64128273;64602298;65116219;65611593;66058859;66460344
Georgia;3902469;3880347;3860158;3848449;3814419;3786695;3756441;3728874;3717668;3719414;3725276;3727505;3728004;3726549
Ghana;21814642;22379055;22963946;23563825;24170940;24779619;25387710;25996449;26607642;27224472;27849205;28481946;29121471;29767108
Gibraltar;33219;33417;33517;33559;33565;33585;33612;33646;33692;33725;33736;33737;33728;33718
Guinea;9109581;9307425;9518162;9738792;9964469;10192176;10420471;10652029;10892810;11150977;11432088;11738441;12067539;12414318
Gambia, The;1543741;1591445;1639848;1689285;1740279;1793196;1848147;1905011;1963711;2024042;2085860;2149139;2213894;2280102
Guinea-Bissau;1344930;1377581;1411543;1446936;1483921;1522599;1562989;1604979;1648257;1692439;1737202;1782437;1828146;1874309
Equatorial Guinea;749535;784496;821687;860840;901599;943639;986853;1031191;1076413;1122276;1168568;1215179;1262001;1308974
Greece;10987314;11020362;11048473;11077841;11107017;11121341;11104899;11045011;10965211;10892413;10820883;10775971;10754679;10732882
Grenada;104661;104933;105190;105456;105789;106233;106796;107446;108170;108902;109599;110261;110874;111454
Greenland;56935;56774;56555;56328;56323;56905;56890;56810;56483;56295;56114;56186;56172;56023
Guatemala;12948292;13213330;13477017;13739299;14000190;14259687;14521515;14781942;15043981;15306316;15567419;15827690;16087418;16346950
Guam;158402;158648;158847;159036;159226;159444;159692;159996;160407;161016;161853;162951;164281;165768
Guyana;746163;746343;746474;746817;747718;749436;752028;755399;759285;763380;767432;771366;775221;779004
High income;1137301501;1145660105;1154287221;1163465951;1171805563;1179329063;1184722247;1191504227;1198364441;1205404809;1212252369;1219052239;1225031047;1230515713
Hong Kong SAR, China;6813200;6857100;6916300;6957800;6972800;7024200;7071600;7150100;7178900;7229500;7291300;7336600;7391700;7451000
Honduras;7458985;7634298;7808518;7980955;8150775;8317470;8480671;8640691;8798521;8955589;9112916;9270795;9429013;9587522
Heavily indebted poor countries (HIPC);543555326;558909236;574560260;590590368;607115564;624219326;641921311;660193774;679012664;698336451;718128416;738387254;759106221;780234406
Croatia;4310145;4311159;4310217;4309705;4305181;4295427;4280622;4267558;4255689;4238389;4203604;4174349;4124531;4087843
Haiti;9195288;9344785;9495328;9646580;9798046;9949322;10100320;10250930;10400673;10549008;10695542;10839970;10982366;11123176
Hungary;10087065;10071370;10055780;10038188;10022650;10000023;9971727;9920362;9893082;9866468;9843028;9814023;9787966;9775564
IBRD only;4210325712;4253873152;4296873746;4340024690;4383703296;4427061912;4471056276;4515492025;4560256590;4604835324;4648915927;4692789458;4736161411;4777244901
IDA & IBRD total;5425296741;5497791209;5570347419;5643601090;5717826463;5792408554;5867932480;5943961722;6020879645;6098336986;6176134815;6254594188;6333378175;6410726416
IDA total;1214971029;1243918057;1273473673;1303576400;1334123167;1365346642;1396876204;1428469697;1460623055;1493501662;1527218888;1561804730;1597216764;1633481515
IDA blend;404615758;414232526;424192635;434469613;444998521;456049562;467268096;478336539;489626543;501147849;512877243;524790731;536862922;549115214
Indonesia;226289470;229318262;232374245;235469762;238620563;241834215;245116206;248452413;251806402;255129004;258383256;261554226;264645886;267663435
IDA only;810355271;829685531;849281038;869106787;889124646;909297080;929608108;950133158;970996512;992353813;1014341645;1037013999;1060353842;1084366301
Isle of Man;80305;81285;82408;83508;84376;84857;84886;84533;83976;83488;83234;83287;83598;84077
India;1147609927;1165486291;1183209472;1200669765;1217726215;1234281170;1250288729;1265782790;1280846129;1295604184;1310152403;1324509589;1338658835;1352617328
Not classified;;;;;;;;;;;;;;
Ireland;4159914;4273591;4398942;4489544;4535375;4560155;4580084;4599533;4623816;4657740;4701957;4755335;4807388;4867316
Iran, Islamic Rep.;69762347;70554760;71336475;72120604;72924837;73762519;74634956;75539862;76481943;77465753;78492215;79564016;80673951;81800269
Iraq;26922284;27448124;27911248;28385746;28973162;29741976;30725300;31890011;33157050;34411951;35572261;36610632;37552781;38433600
Iceland;296734;303782;311566;317414;318499;318041;319014;320716;323764;327386;330815;335439;343400;352721
Israel;6930100;7053700;7180100;7308800;7485600;7623600;7765800;7910500;8059500;8215700;8380100;8546000;8713300;8882800
Italy;57969484;58143979;58438310;58826731;59095365;59277417;59379449;59539717;60233948;60789140;60730582;60627498;60536709;60421760
Jamaica;2740003;2754407;2768227;2781876;2795837;2810460;2825929;2842132;2858709;2875136;2891021;2906238;2920853;2934855
Jordan;5765635;5991540;6255280;6556478;6893260;7261539;7663131;8090872;8520420;8920049;9266575;9551467;9779173;9956011
Japan;127773000;127854000;128001000;128063000;128047000;128070000;127833000;127629000;127445000;127276000;127141000;126994511;126785797;126529100
Kazakhstan;15147029;15308084;15484192;15674000;16092822;16321872;16557201;16792089;17035550;17288285;17542806;17794055;18037776;18276498.5
Kenya;36624895;37649033;38705932;39791981;40901792;42030676;43178257;44343410;45519889;46699981;47878336;49051686;50221473;51393010
Kyrgyz Republic;5162600;5218400;5268400;5318700;5383300;5447900;5514600;5607200;5719600;5835500;5956900;6079500;6198200;6322800
Cambodia;13273354;13477709;13679962;13883834;14093604;14312212;14541423;14780454;15026332;15274503;15521436;15766293;16009414;16249798
Kiribati;92325;94343;96527;98761;100930;102927;104728;106370;107890;109391;110930;112524;114158;115847
St. Kitts and Nevis;46857;47339;47778;48185;48599;49016;49447;49887;50331;50774;51203;51625;52045;52441
Korea, Rep.;48184561;48438292;48683638;49054708;49307835;49554112;49936638;50199853;50428893;50746659;51014947;51217803;51361911;51606633
Kuwait;2270198;2373672;2504019;2656009;2821045;2991884;3168060;3348853;3526376;3690941;3835591;3956875;4056099;4137312
Latin America & Caribbean (excluding high income);527308231;533896503;540405229;546848933;553244956;559496784;565882120;572224389;578502021;584679495;590731810;596643917;602426586;608113077
Lao PDR;5751676;5846074;5944948;6046620;6148623;6249165;6347567;6444530;6541304;6639756;6741164;6845846;6953035;7061507
Lebanon;4698763;4759753;4767344;4764741;4813026;4953061;5202343;5538634;5914621;6262410;6532678;6711121;6811873;6848925
Liberia;3218116;3329211;3461911;3607860;3754133;3891356;4017443;4135659;4248334;4359505;4472230;4586788;4702228;4818977
Libya;5798614;5886872;5974787;6058748;6133984;6197663;6247439;6285750;6320359;6362037;6418315;6492164;6580724;6678567
St. Lucia;163417;165381;167639;170011;172221;174085;175544;176646;177513;178296;179126;180024;180955;181889
Latin America & Caribbean;556504290;563337678;570091464;576783755;583430029;589932565;596538911;603097381;609600087;616002686;622301089;628484873;634545282;640454810
Least developed countries: UN classification;744190510;762132501;780219542;798563392;817322629;836614860;856472234;876869863;897797478;919226401;941131317;963511276;986365080;1009662578
Low income;462679645;475927007;489505419;503324676;517267751;531260028;545266258;559335524;573583598;588174709;603234541;618780841;634796692;651327587
Liechtenstein;34713;34970;35217;35471;35727;35994;36293;36615;36934;37223;37470;37658;37800;37910
Sri Lanka;19544988;19695972;19842044;19983984;20123508;20261737;20398670;20425000;20585000;20778000;20970000;21203000;21444000;21670000
Lower middle income;2349947388;2389129523;2428529757;2468136919;2507929642;2548154994;2588455505;2628465458;2668772179;2709173405;2749824313;2790617792;2831466703;2872397765
Low & middle income;5374446866;5447074437;5519916437;5593451953;5667768721;5742542551;5818138357;5894259181;5971275701;6048823568;6126712591;6205230249;6284034658;6361417194
Lesotho;1996114;1989939;1986922;1987129;1990131;1995581;2003787;2014990;2028519;2043437;2059021;2075001;2091412;2108132
Late-demographic dividend;2114307497;2127750968;2140907334;2154245142;2167842734;2180828824;2193830506;2206932754;2220299295;2233869138;2247409050;2261409324;2275525382;2287833784
Lithuania;3322528;3269909;3231294;3198231;3162916;3097282;3028115;2987773;2957689;2932367;2904910;2868231;2828403;2801543
Luxembourg;465158;472637;479993;488650;497783;506953;518347;530946;543360;556319;569604;582014;596336;607950
Latvia;2238799;2218357;2200325;2177322;2141669;2097555;2059709;2034319;2012647;1993782;1977527;1959537;1942248;1927174
Macao SAR, China;482858;493799;504511;515239;526400;538219;550832;564039;577372;590208;602085;612836;622585;631636
St. Martin (French part);34248;35237;36137;36885;37377;37582;37446;37009;36453;36015;35858;36065;36560;37264
Morocco;30455561;30804683;31163673;31536811;31929087;32343389;32781850;33241898;33715693;34192347;34663603;35126296;35581294;36029138
Monaco;33843;34190;34525;34872;35226;35612;36024;36460;36901;37322;37718;38070;38392;38682
Moldova;2888111;2880095;2873429;2867964;2864346;2861487;2859833;2859458;2858692;2856950;2834530;2802170;2755158;2706049
Madagascar;18336724;18880269;19433530;19996473;20569117;21151640;21743967;22346641;22961253;23589887;24234088;24894380;25570540;26262368
Maldives;319608;327487;335169;343452;353398;365734;380495;397237;415593;435015;454915;475513;496402;515696
Middle East & North Africa;347029874;354302463;361929136;369823252;377883993;385917886;393944527;401974219;409977872;417932241;425821770;433597628;441255236;448912962
Mexico;106005203;107560153;109170502;110815271;112463887;114092963;115695473;117274155;118827161;120355128;121858258;123333376;124777324;126190788
Marshall Islands;55258;55767;56051;56174;56250;56366;56531;56717;56938;57179;57439;57735;58058;58413
Middle income;4911767221;4971147430;5030411018;5090127277;5150500970;5211282523;5272872099;5334923657;5397692103;5460648859;5523478050;5586449408;5649237966;5710089607
North Macedonia;2060273;2063131;2065426;2067313;2069039;2070741;2072487;2074278;2076067;2077775;2079328;2080745;2081996;2082958
Mali;12775516;13203378;13651464;14113577;14581429;15049353;15514591;15979499;16449864;16934220;17438778;17965429;18512394;19077690
Malta;403834;405308;406724;409379;412477;414508;416268;420028;425967;434558;445053;455356;467999;484630
Myanmar;48949924;49301050;49621475;49929642;50250367;50600818;50990615;51413698;51852451;52280807;52680726;53045226;53382581;53708395
Middle East & North Africa (excluding high income);304755503;310109412;315573347;321168767;326900984;332777824;338814807;345004009;351299193;357637340;363975550;370276461;376546755;382896715
Montenegro;614261;615025;615875;616969;618294;619428;620079;620601;621207;621810;622159;622303;622373;622227
Mongolia;2526424;2558856;2593820;2631898;2673796;2719896;2770362;2824699;2881792;2940108;2998439;3056359;3113779;3170208
Northern Mariana Islands;56542;55882;55219;54625;54193;53971;54012;54311;54784;55305;55780;56188;56562;56882
Mozambique;20493925;21080110;21673316;22276596;22894710;23531574;24187487;24862648;25560725;26286163;27042002;27829942;28649007;29495962
Mauritania;3024194;3111906;3202517;3296238;3393409;3494195;3598648;3706554;3817494;3930896;4046301;4163534;4282574;4403319
Mauritius;1228254;1233996;1239630;1244121;1247429;1250400;1252404;1255882;1258653;1260934;1262605;1263473;1264613;1265303
Malawi;12625952;12973699;13341806;13727890;14128155;14539612;14962112;15396005;15839269;16289540;16745303;17205289;17670260;18143315
Malaysia;25690611;26201961;26720370;27236006;27735040;28208035;28650955;29068159;29468872;29866559;30270962;30684804;31105028;31528585
North America;327824506;331015609;334185120;337406357;340466060;343391679;345960766;348610010;351141670;353803581;356403308;359115352;361592733;363809186
Namibia;1938320;1971317;2006514;2043394;2081044;2118874;2156701;2194784;2233510;2273430;2314904;2358041;2402603;2448255
New Caledonia;232250;235750;239250;242750;245950;249750;254350;259000;263650;268050;272400;276550;280350;284060
Niger;13624467;14143971;14685399;15250908;15843133;16464025;17114761;17795191;18504255;19240157;20001663;20788838;21602472;22442948
Nigeria;138865016;142538308;146339977;150269623;154324933;158503197;162805071;167228767;171765769;176404902;181137448;185960289;190873311;195874740
Nicaragua;5438690;5513763;5590055;5667432;5745526;5824065;5903039;5982526;6062454;6142733;6223240;6303974;6384855;6465513
Netherlands;16319868;16346101;16381696;16445593;16530388;16615394;16693074;16754962;16804432;16865008;16939923;17030314;17131296;17231624
Norway;4623291;4660677;4709153;4768212;4828726;4889252;4953088;5018573;5079623;5137232;5188607;5234519;5276968;5311916
Nepal;25744500;26066693;26382581;26666576;26883535;27013212;27041437;26989862;26917906;26906926;27015031;27261131;27627124;28087871
Nauru;9849;9828;9842;9891;9939;10005;10057;10279;10821;11853;12475;13049;12876;12704
New Zealand;4133900;4184600;4223800;4259800;4302600;4350700;4384000;4408100;4442100;4509700;4595700;4693200;4793900;4841000
OECD members;1241535826;1250788448;1260210156;1270059587;1279114140;1287527866;1294064382;1302076238;1310420937;1319151470;1327822047;1336641415;1344863242;1352633507
Oman;2511251;2580758;2657158;2750963;2876186;3041434;3251108;3498029;3764805;4027260;4267348;4479219;4665935;4829483
Other small states;22929109;23486218;24104670;24762406;25417830;26050942;26647962;27227319;27794595;28364410;28948869;29542879;30148800;30760211
Pakistan;160304008;164022627;167808105;171648986;175525609;179424641;183340592;187281475;191262919;195306825;199426964;203627284;207896686;212215030
Panama;3330217;3391666;3453675;3516204;3579215;3642687;3706483;3770624;3835437;3901315;3968487;4037078;4106771;4176873
Peru;27866145;28102056;28333052;28562317;28792655;29027674;29264318;29506788;29773987;30090359;30470734;30926032;31444297;31989256
Philippines;86326250;87888675;89405482;90901965;92414158;93966780;95570047;97212638;98871552;100513138;102113212;103663927;105173264;106651922
Palau;19781;19540;19158;18704;18285;17955;17745;17640;17606;17626;17665;17725;17808;17907
Papua New Guinea;6494903;6646895;6808514;6976201;7144776;7310507;7472200;7631002;7788379;7946731;8107775;8271760;8438029;8606316
Poland;38165445;38141267;38120560;38125759;38151603;38042794;38063255;38063164;38040196;38011735;37986412;37970087;37974826;37974750
Pre-demographic dividend;635451653;653695022;672318833;691447610;711257522;731868772;753326798;775573001;798495530;821931240;845759344;869943914;894512725;919485393
Puerto Rico;3821362;3805214;3782995;3760866;3740410;3721525;3678732;3634488;3593077;3534874;3473232;3406672;3325286;3193354
Korea, Dem. People’s Rep.;23904167;24054864;24188331;24310142;24428341;24548836;24673385;24800612;24929452;25057752;25183833;25307744;25429985;25549819
Portugal;10503330;10522288;10542964;10558177;10568247;10573100;10557560;10514844;10457295;10401062;10358076;10325452;10300300;10283822
Paraguay;5824096;5913209;5998427;6081296;6163972;6248020;6333976;6421512;6510276;6599526;6688746;6777872;6867062;6956071
West Bank and Gaza;3320396;3406334;3494496;3591977;3689099;3786161;3882986;3979998;4076708;4173398;4270092;4367088;4454805;4569087
Pacific island small states;2074778;2100869;2128664;2157454;2186314;2214519;2241798;2268708;2296101;2325136;2355672;2388307;2422086;2457367
Post-demographic dividend;1046366694;1052054839;1057981931;1064394156;1069878414;1074865103;1077815367;1082327434;1087064112;1091996107;1096860060;1101715022;1105771602;1109441474
French Polynesia;258780;261010;262721;264061;265254;266455;267698;268998;270328;271705;273124;274575;276103;277679
Qatar;865416;1022711;1218434;1436665;1654950;1856327;2035871;2196074;2336574;2459198;2565710;2654374;2724724;2781677
Romania;21319685;21193760;20882982;20537875;20367487;20246871;20147528;20058035;19983693;19908979;19815616;19702267;19587290;19472545
Russian Federation;143518814;143049637;142805114;142742366;142785349;142849468;142960908;143201721;143506995;143819666;144096870;144342396;144496740;144477860
Rwanda;8840215;9043337;9273757;9524534;9782770;10039338;10293331;10549678;10811543;11083635;11369071;11668818;11980937;12301939
South Asia;1518861552;1543610696;1568003159;1592010819;1615610198;1638792934;1661534412;1683747130;1705772050;1727640967;1749417068;1771167194;1792835608;1814388744
Saudi Arabia;23816183;24498310;25184597;25888541;26630303;27421461;28267685;29155187;30052518;30916994;31717667;32442572;33099147;33699947
Sudan;30949516;31661823;32360621;33060837;33783788;34545013;35349681;36193783;37072550;37977655;38902950;39847440;40813396;41801533
Senegal;11090116;11382268;11687080;12004701;12335084;12678148;13033809;13401991;13782420;14174731;14578459;14993528;15419381;15854360
Singapore;4265762;4401365;4588599;4839396;4987573;5076732;5183688;5312437;5399162;5469724;5535002;5607283;5612253;5638676
Solomon Islands;469918;481078;492132;503360;515181;527861;541521;556064;571335;587079;603118;619437;636038;652858
Sierra Leone;5645624;5829237;5989633;6133603;6272734;6415634;6563240;6712581;6863980;7017144;7171914;7328838;7488431;7650154
El Salvador;6052123;6079399;6105810;6131764;6157686;6183875;6210568;6237923;6266070;6295128;6325124;6356143;6388122;6420744
San Marino;29324;29700;30063;30434;30816;31229;31661;32105;32553;32948;33272;33504;33671;33785
Somalia;10446863;10763905;11080121;11397188;11717692;12043883;12376302;12715510;13063706;13423576;13797201;14185613;14589119;15008154
Serbia;7440769;7411569;7381579;7350222;7320807;7291436;7234099;7199077;7164132;7130576;7095383;7058322;7020858;6982604
Sub-Saharan Africa (excluding high income);757613569;778248224;799583871;821614380;844320487;867684936;891706327;916382788;941692468;967607494;994102454;1021168391;1048793216;1076944455
South Sudan;7535932;7907406;8315139;8736939;9142259;9508364;9830698;10113647;10355036;10554883;10715658;10832512;10910759;10975920
Sub-Saharan Africa;758924681;779566820;800908534;822945457;845655214;869025106;893046172;917726973;943041070;968959787;995458478;1022526541;1050153672;1078306520
Small states;31746604;32375210;33066727;33798838;34529596;35238667;35912147;36568692;37214028;37862981;38526753;39200572;39885876;40576543
Sao Tome and Principe;157472;161681;166300;171120;175876;180371;184524;188404;192087;195727;199432;203227;207089;211028
Suriname;499464;505295;511181;517123;523111;529131;535179;541245;547291;553273;559143;564888;570496;575991
Slovakia;5372807;5373054;5374622;5379233;5386406;5391428;5398384;5407579;5413393;5418649;5423801;5430798;5439232;5446771
Slovenia;2000474;2006868;2018122;2021316;2039669;2048583;2052843;2057159;2059953;2061980;2063531;2065042;2066388;2073894
Sweden;9029572;9080505;9148092;9219637;9298515;9378126;9449213;9519374;9600379;9696110;9799186;9923085;10057698;10175214
Eswatini;1030579;1036092;1042652;1049945;1057467;1064837;1072032;1079288;1086839;1095021;1104044;1113984;1124753;1136191
Sint Maarten (Dutch part);33011;33441;33811;33964;34238;34056;33435;34640;36607;37685;38825;39969;40574;40654
Seychelles;82858;84600;85033;86956;87298;89770;87441;88303;89949;91359;93419;94677;95843;96762
Syrian Arab Republic;18361176;19059258;19878254;20664038;21205873;21362529;21082966;20442541;19584274;18715672;17997408;17453933;17068002;16906283
Turks and Caicos Islands;28180;29391;30385;31202;31934;32660;33377;34066;34731;35369;35981;36559;37115;37665
Chad;10096633;10457124;10818024;11183588;11560147;11952136;12360989;12784750;13220424;13663559;14110975;14561666;15016773;15477751
East Asia & Pacific (IDA & IBRD countries);1871341375;1885806859;1899800530;1913718210;1927560609;1941377349;1955334267;1969562739;1983964453;1998513398;2012980531;2027771091;2042687863;2056064424
Europe & Central Asia (IDA & IBRD countries);434427812;434964326;435646364;436725144;438498958;440420861;442656487;444898523;447368356;449819913;452301305;454717187;456976356;458970243.5
Togo;5611640;5762880;5920359;6083420;6250835;6421679;6595943;6773807;6954721;7137997;7323158;7509952;7698475;7889094
Thailand;65416189;65812536;66182067;66530984;66866839;67195028;67518382;67835957;68144501;68438730;68714511;68971331;69209858;69428524
Tajikistan;6789321;6922587;7062672;7209930;7364753;7527394;7697510;7874835;8059769;8252833;8454028;8663579;8880268;9100837
Turkmenistan;4754646;4810109;4870141;4935767;5007954;5087213;5174085;5267900;5366375;5466328;5565287;5662372;5757669;5850908
Latin America & the Caribbean (IDA & IBRD countries);540306214;547139430;553909981;560624670;567289599;573800641;580429321;587002346;593511231;599938979;606271975;612502802;618632726;624668856
Timor-Leste;995135;1016432;1036392;1055431;1074277;1093523;1113151;1132994;1153295;1174331;1196302;1219288;1243261;1267972
Middle East & North Africa (IDA & IBRD countries);301435107;306703078;312078851;317576790;323211885;328991663;334931821;341024011;347222485;353463942;359705458;365909373;372091950;378327628
Tonga;100905;101706;102581;103379;103890;103986;103562;102737;101768;101028;100781;101133;101998;103197
South Asia (IDA & IBRD);1518861552;1543610696;1568003159;1592010819;1615610198;1638792934;1661534412;1683747130;1705772050;1727640967;1749417068;1771167194;1792835608;1814388744
Sub-Saharan Africa (IDA & IBRD countries);758924681;779566820;800908534;822945457;845655214;869025106;893046172;917726973;943041070;968959787;995458478;1022526541;1050153672;1078306520
Trinidad and Tobago;1296502;1302561;1308451;1314443;1320930;1328147;1336178;1344817;1353700;1362342;1370328;1377564;1384072;1389858
Tunisia;10106771;10201214;10304726;10414433;10525694;10635244;10741880;10847002;10952951;11063201;11179949;11303946;11433443;11565204
Turkey;67903469;68756810;69581848;70418604;71321399;72326988;73443863;74653016;75928564;77231907;78529409;79821724;81101892;82319724
Tuvalu;10000;10120;10221;10314;10424;10530;10633;10739;10857;10972;11099;11225;11370;11508
Tanzania;38450320;39548663;40681414;41853944;43073834;44346525;45673338;47052481;48482266;49959822;51482633;53050790;54663906;56318348
Uganda;27684585;28571475;29486338;30431736;31411096;32428167;33476919;34559168;35695246;36912148;38225453;39647506;41162465;42723139
Ukraine;47105171;46787786;46509355;46258189;46053331;45870741;45706086;45593342;45489648;45272156;45154036;45004674;44831135;44622518
Upper middle income;2561819833;2582017907;2601881261;2621990358;2642571328;2663127529;2684416594;2706458199;2728919924;2751475454;2773653737;2795831616;2817771263;2837691842
Uruguay;3321803;3325401;3331749;3340221;3349676;3359275;3368934;3378974;3389439;3400434;3412009;3424132;3436646;3449299
United States;295516599;298379912;301231207;304093966;306771529;309321666;311556874;313830990;315993715;318301008;320635163;322941311;324985539;326687501
Uzbekistan;26167000;26488250;26868000;27302800;27767400;28562400;29339400;29774500;30243200;30757700;31298900;31847900;32388600;32956100
St. Vincent and the Grenadines;108614;108603;108518;108393;108287;108255;108316;108435;108622;108861;109148;109459;109827;110210
Venezuela, RB;26432447;26850194;27247610;27635832;28031009;28439940;28888369;29362449;29783571;30045134;30081829;29846179;29390409;28870195
British Virgin Islands;23107;24023;25047;26097;27039;27794;28319;28650;28847;28989;29152;29355;29577;29802
Virgin Islands (U.S.);108454;108371;108339;108399;108405;108358;108292;108191;108044;107884;107710;107510;107268;106977
Vietnam;83832661;84617540;85419591;86243413;87092252;87967651;88871561;89802487;90753472;91714595;92677076;93638724;94596642;95540395
Vanuatu;209282;214370;219472;224704;230247;236211;242653;249499;256635;263888;271130;278330;285510;292680
World;6511748367;6592734542;6674203658;6756917904;6839574284;6921871614;7002860604;7085763408;7169640142;7254228377;7338964960;7424282488;7509065705;7591932907
Samoa;179727;180876;182046;183263;184556;185949;187469;189088;190717;192221;193513;194535;195352;196130
Kosovo;1705780;1719536;1733404;1747383;1761474;1775680;1791000;1807106;1818117;1812771;1788196;1777557;1791003;1797085
Yemen, Rep.;20107409;20687646;21282515;21892146;22516460;23154855;23807588;24473178;25147109;25823485;26497889;27168210;27834821;28498687
South Africa;47880601;48489459;49119759;49779471;50477011;51216964;52004172;52834005;53689236;54545991;55386367;56203654;57000451;57779622
Zambia;11856247;12173514;12502958;12848530;13215139;13605984;14023193;14465121;14926504;15399753;15879361;16363507;16853688;17351822
Zimbabwe;12076699;12155491;12255922;12379549;12526968;12697723;12894316;13115131;13350356;13586681;13814629;14030390;14236745;14439018
