"Country","Year","R_multi","DDD_sys_commun","per_cap_US","GDP_total","GDP_health","Out_pocket_exp","income_pc","rural_pop","HDR","ctrl_corrup","GOV_effect","rule_law","total_pop"
"Austria",2006,0.040867751,12.5923,3880,40635.28182,9.53,18.80627722,41460,41.468,0.861,1.914531231,1.831036448,1.913556695,8268641
"Austria",2007,0.0409191396666667,12.9797,4473,46855.77175,9.53,18.80613863,44510,41.751,0.881,2.013397455,1.870186687,1.960128188,8295487
"Austria",2008,0.041088587,13.2868,5037,51708.76575,9.73,18.24393272,49110,42.034,0.884,1.843034983,1.780839682,1.922994852,8321496
"Austria",2009,0.033552049,13.6297,4909,47963.1794,10.23,18.05128604,49000,42.317,0.886,1.703024626,1.666579604,1.784890175,8343323
"Austria",2010,0.0409132103333333,13.1338,4796,46858.04327,10.22,18.60162616,49610,42.601,0.895,1.585461736,1.841762662,1.800300002,8363404
"Austria",2011,0.0567849326666667,12.6683,5161,51374.95841,10.03,18.73956323,50590,42.885,0.897,1.43189621,1.617761374,1.801554561,8391643
"Austria",2012,0.0557782416666667,12.1885,4966,48567.69529,10.2,18.67409199,50060,42.853,0.899,1.389730573,1.57587254,1.858178735,8429991
"Austria",2013,0.0499118796666667,14.1696,5234,50716.70871,10.29,19.17125136,50700,42.664,0.896,1.55079484,1.588477135,1.851382136,8479823
"Austria",2014,0.0429303843333333,12.0866,5386,51717.49594,10.37,19.09817606,50370,42.474,0.904,1.474734902,1.572585702,1.952464104,8546356
"Austria",2015,0.043341605,12.0588,4611,44178.04738,10.37,19.09111291,47450,42.285,0.906,1.519275665,1.47912693,1.855246663,8642699
"Austria",2016,0.0460156736666667,11.4237,4719,45237.80509,10.42,19.30112839,46220,42.095,0.909,1.548537016,1.511904955,1.814966559,8736668
"Austria",2017,0.0444363256666667,11.9188,4940,47549.07904,10.4,19.2032665,45150,41.906,0.912,1.526028633,1.461260676,1.81247282,8797566
"Austria",2018,0.0463703963333333,10.4153,4940,51525.04643,10.4,19.2032665,49400,41.703,0.914,1.59649229,1.453342438,1.874770164,8840521
"Belgium",2006,0.010091743,21.82642083,3474,38672.70594,8.91,18.66180748,39900,2.546,0.896,1.309614301,1.747100949,1.236090422,10547958
"Belgium",2007,0.011173184,20.9591,3989,44262.896,8.95,19.21070814,42700,2.495,0.899,1.355734944,1.608859658,1.330672145,10625700
"Belgium",2008,0.002024291,22.6763,4540,48106.89292,9.34,18.43404472,46470,2.445,0.899,1.374890208,1.389755607,1.345494866,10709973
"Belgium",2009,0.0342972593333333,22.1649,4567,44583.54481,10.14,18.16453636,46840,2.397,0.899,1.460205913,1.571341515,1.384072661,10796493
"Belgium",2010,0.0229045533333333,23.1055,4450,44141.87814,9.97,18.17270666,46950,2.349,0.903,1.527498484,1.575025916,1.393127918,10895586
"Belgium",2011,0.061004032,23.6027,4856,47348.52502,10.14,18.17521751,46400,2.302,0.904,1.575072408,1.656355858,1.418425918,11038264
"Belgium",2012,0.0647967256666667,23.9409,4615,44673.11588,10.27,17.73408204,47100,2.256,0.905,1.608068228,1.602476358,1.427129149,11106932
"Belgium",2013,0.0725728973333333,22.5706,4850,46744.66254,10.37,18.03226322,47880,2.211,0.908,1.673882127,1.607339144,1.43843472,11159407
"Belgium",2014,0.067491258,22.3619,4944,47700.54036,10.41,17.49034077,47800,2.167,0.91,1.573291898,1.381594181,1.52343905,11209057
"Belgium",2015,0.058070523,22.751,4171,40991.80814,10.28,17.53991246,45540,2.124,0.913,1.57330668,1.438440561,1.463494301,11274196
"Belgium",2016,0.064502224,22.531,4279,41998.33575,10.3,17.86475033,43440,2.081,0.915,1.638705134,1.326213479,1.390964746,11331422
"Belgium",2017,0.062053813,21.1439,4507,44288.50804,10.34,17.63822287,42750,2.039,0.917,1.497134089,1.181692719,1.3434273,11375158
"Belgium",2018,0.060654303,20.7657,4507,47491.32326,10.34,17.63822287,45940,1.999,0.919,1.510498047,1.171748161,1.367054224,11427054
"Bulgaria",2006,0.181135522333333,15.2938,294.1,4523.050833,6.57,42.64740646,4300,29.068,0.756,-0.070736267,-0.057375778,-0.093535163,7601022
"Bulgaria",2007,0.215704433333333,16.7311,361.2,5885.104348,6.16,42.59270132,4810,28.722,0.764,-0.183496863,-0.007542833,-0.045955181,7545338
"Bulgaria",2008,0.356970915333333,17.4905,455.5,7265.735497,6.29,42.6291883,6070,28.378,0.771,-0.254679352,-0.047309104,-0.107263453,7492561
"Bulgaria",2009,0.245224171666667,15.9105,459.3,6984.965976,6.61,44.36734319,6670,28.037,0.774,-0.212567106,0.166158289,-0.038340408,7444443
"Bulgaria",2010,0.220243284666667,15.8428,484.8,6809.898984,7.11,43.14134419,6940,27.698,0.779,-0.185103625,0.114835203,-0.069240548,7395599
"Bulgaria",2011,0.269966615333333,16.9587,555.9,7806.348652,7.13,44.46372688,7220,27.362,0.782,-0.220316142,0.110085554,-0.111741245,7348328
"Bulgaria",2012,0.277529675,16.1092,558.6,7393.189177,7.59,47.74680734,7430,27.025,0.786,-0.227857694,0.141888097,-0.085204966,7305888
"Bulgaria",2013,0.208853238,17.2952,600.3,7651.817881,7.87,47.10148871,7590,26.687,0.792,-0.267288208,0.157344475,-0.102405354,7265115
"Bulgaria",2014,0.311451256,18.6023,666.4,7874.260904,8.5,45.8127737,7740,26.349,0.797,-0.246874854,0.0787379,-0.046017233,7223938
"Bulgaria",2015,0.234332334333333,18.8214,572,7053.603706,8.2,47.66826928,7450,26.01,0.807,-0.264645517,0.208683118,-0.097004414,7177991
"Bulgaria",2016,0.345459236333333,17.6417,612.5,7545.790332,8.23,47.95404673,7430,25.671,0.812,-0.168443292,0.295897067,-0.061471604,7127822
"Bulgaria",2017,0.338837977,18.9446,663.7,8331.058025,8.1,46.55256867,7640,25.331,0.813,-0.161115259,0.260194153,-0.040922999,7075947
"Bulgaria",2018,0.309452994,19.3704,663.7,9423.558612,8.1,46.55256867,8910,24.992,0.816,-0.151538402,0.271875739,-0.02981348,7025037
"Croatia",2006,0.158087799666667,19.36,816,11703.33789,6.98,13.3146584,11310,45.517,0.794,0.078596674,0.571395218,0.00607663,4311159
"Croatia",2007,0.192168827333333,20.4561,1041,13962.84757,7.47,12.39423603,12700,45.349,0.801,0.091828354,0.474211425,0.087641433,4310217
"Croatia",2008,0.223305705333333,20.7704,1259,16309.43901,7.7,14.51390833,14270,45.181,0.805,-0.010580561,0.569998205,0.086383566,4309705
"Croatia",2010,0.187853533666667,17.1814,1126,13923.62858,8.1,13.95677775,14070,44.845,0.811,0.059268434,0.622320652,0.201946497,4295427
"Croatia",2011,0.199235734333333,16.5239,1132,14566.63847,7.79,12.05216944,14000,44.678,0.817,0.063671045,0.561252236,0.217892975,4280622
"Croatia",2012,0.189592760666667,18.2616,1030,13238.10193,7.79,11.47245094,13420,44.494,0.82,0.009865428,0.706691682,0.245607689,4267558
"Croatia",2013,0.173016354666667,17.6101,889.9,13642.19366,6.52,8.831276745,13550,44.294,0.825,0.12422023,0.701186359,0.291649491,4255689
"Croatia",2014,0.226842954,17.7681,909.4,13600.19439,6.7,11.2752825,13260,44.077,0.827,0.219041422,0.692963302,0.319685102,4238389
"Croatia",2015,0.224279951,18.0325,795.5,11782.89908,6.79,10.94434559,12970,43.845,0.83,0.24522607,0.513849258,0.200354069,4203604
"Croatia",2016,0.229384439,17.0664,840.9,12360.48382,6.83,10.97398251,12380,43.597,0.832,0.20333077,0.494286805,0.409176141,4174349
"Croatia",2017,0.179116946666667,16.8271,902.1,13412.33829,6.79,10.97325161,12640,43.333,0.835,0.186701789,0.571306348,0.334248334,4124531
"Croatia",2018,0.188075065,17.001,902.1,14920.19138,6.79,10.97325161,14010,43.053,0.837,0.131672338,0.456918329,0.32438755,4087843
"Cyprus",2006,0.123996511333333,27.1439,1474,26729.3234,5.46,48.32824767,25600,31.875,0.836,1.093416214,1.26732409,1.105020881,1045507
"Cyprus",2007,0.123049478333333,28.6548,1694,31244.92622,5.36,48.79761338,27340,32.018,0.844,1.080966115,1.427616119,1.119864106,1063713
"Cyprus",2008,0.153718051333333,28.6932,2155,35397.36368,6.02,51.4000833,31970,32.161,0.852,1.204644084,1.53257072,1.216479301,1081563
"Cyprus",2009,0.111395045,29.1558,2105,32109.24251,6.47,49.9238044,32780,32.305,0.854,0.912045002,1.41832912,1.212835073,1098083
"Cyprus",2010,0.127347862,26.2621,1959,31023.63833,6.28,40.94297886,32040,32.449,0.85,0.974873543,1.531830311,1.216248751,1112612
"Cyprus",2011,0.196042794333333,26.8634,2153,32396.38574,6.59,42.79902577,32550,32.594,0.853,0.866362035,1.563668251,1.07300961,1124833
"Cyprus",2012,0.137703962666667,25.0928,1943,28912.15694,6.69,44.02578771,29680,32.739,0.852,1.251133919,1.391171932,1.099629998,1135046
"Cyprus",2013,0.101693474666667,23.9493,1920,27729.1927,6.9,43.09228957,27830,32.863,0.854,1.245758176,1.366624117,1.036581397,1143866
"Cyprus",2014,0.141192032333333,22.1873,1846,27129.62612,6.78,44.73412633,26510,32.969,0.856,1.075781465,1.140383601,1.077018499,1152285
"Cyprus",2015,0.0994120483333333,26.593,1582,23333.71491,6.81,44.32916045,25960,33.054,0.864,1.007443786,1.048619509,1.039910555,1160985
"Cyprus",2016,0.115878542333333,28.3696,1637,24532.51906,6.79,45.2442795,24700,33.119,0.869,0.826646328,0.960943103,0.721343994,1170187
"Cyprus",2017,0.167235634666667,28.8781,1732,26338.69434,6.68,44.63203549,24580,33.164,0.871,0.782737195,0.919977784,0.884949744,1179680
"Cyprus",2018,0.210390269333333,28.8781,1732,28689.70672,6.68,44.63203549,26620,33.19,0.873,0.640067935,0.920902193,0.752880812,1189265
"Czechia",2006,0.181972968333333,14.4593,942.1,15183.63605,6.2,11.64602414,13950,26.467,0.843,0.35658446,1.096460104,0.87264353,10238905
"Czechia",2007,0.213444671333333,14.8717,1110,18373.649,6.02,13.63102496,15780,26.537,0.85,0.30260253,0.895334065,0.905903339,10298828
"Czechia",2008,0.222869861,15.8673,1449,22698.85396,6.36,16.13297015,18340,26.606,0.854,0.358293951,1.013641596,0.914493978,10384603
"Czechia",2009,0.227863202,16.6193,1442,19741.59763,7.29,15.05053937,18690,26.676,0.857,0.386209816,0.883240402,0.962592542,10443936
"Czechia",2010,0.227189369,16.0064,1374,19808.07109,6.93,15.25087506,19280,26.745,0.862,0.331638575,0.905217707,0.949479163,10474410
"Czechia",2011,0.201047235666667,16.5068,1517,21717.45794,6.98,15.02145827,19420,26.815,0.865,0.341793329,0.930979669,1.036918283,10496088
"Czechia",2012,0.224755529666667,15.663,1387,19729.87051,7.03,15.29148817,19350,26.803,0.865,0.272268176,0.928921938,1.041852593,10510785
"Czechia",2013,0.221549498333333,16.8961,1555,19916.01939,7.81,13.58585358,19270,26.71,0.874,0.228798985,0.891820014,1.039771318,10514272
"Czechia",2014,0.217585974666667,17.1151,1513,19744.55861,7.65,14.08199221,18800,26.616,0.879,0.36779505,1.017592907,1.15218091,10525347
"Czechia",2015,0.224490603333333,17.3704,1284,17715.61685,7.24,14.82839435,18260,26.523,0.882,0.433735937,1.046509385,1.148088455,10546059
"Czechia",2016,0.227805605,17.1576263016998,1322,18463.38658,7.15,15.02381265,17590,26.43,0.885,0.536757231,1.036739469,1.035501719,10566332
"Czechia",2017,0.217625384,17.1003979493626,1476,20379.89604,7.23,14.80910182,17970,26.325,0.888,0.567682743,1.005324841,1.116695046,10594438
"Czechia",2018,0.222745135666667,17.3704,1476,23046.94913,7.23,14.80910182,20230,26.208,0.891,0.503815472,0.922208071,1.048950672,10629928
"Denmark",2006,0.007564178,14.7169,4779,52026.99951,9.17,14.52642977,53540,13.902,0.905,2.46999073,2.226260185,1.997571826,5437272
"Denmark",2007,0.0274841303333333,15.3522,5468,58487.05497,9.33,14.56182599,55740,13.707,0.904,2.446026087,2.353997707,2.013730049,5461438
"Denmark",2008,0.0231464283333333,15.0695,6138,64322.0635,9.51,14.11779821,60390,13.513,0.909,2.393063545,2.251271963,1.966503382,5493621
"Denmark",2009,0.0332091766666667,15.0173,6222,58163.27688,10.67,13.68460506,60090,13.346,0.906,2.446495295,2.232205391,1.924757004,5523095
"Denmark",2010,0.032341586,15.8742,6012,58041.39844,10.33,14.38572407,61220,13.205,0.91,2.358993053,2.096789598,1.897532105,5547683
"Denmark",2011,0.0370675886666667,16.689,6281,61753.64713,10.15,14.55079019,61990,13.043,0.922,2.404429197,2.101078987,1.922707915,5570572
"Denmark",2012,0.0251650943333333,15.7027,6004,58507.50805,10.24,14.15904015,61650,12.858,0.924,2.381078959,1.984567404,1.873899817,5591572
"Denmark",2013,0.024629102,15.6578,6237,61191.1937,10.17,13.81007284,63200,12.708,0.926,2.404900789,1.992455125,1.900482297,5614932
"Denmark",2014,0.0218087513333333,15.1744,6381,62548.98473,10.17,13.77456188,63670,12.59,0.928,2.247260332,1.819007277,2.096355438,5643475
"Denmark",2015,0.0195527523333333,15.3071,5469,53254.856,10.23,13.67477924,60510,12.474,0.926,2.211076021,1.847928524,2.042371035,5683483
"Denmark",2016,0.0150347936666667,15.1637,5566,54663.99837,10.18,13.71238232,58040,12.358,0.928,2.23059082,1.876053929,1.912385345,5728010
"Denmark",2017,0.0155425646666667,14.3332,5800,57141.05984,10.11,13.73846531,56210,12.243,0.929,2.193403959,1.79694283,1.863845944,5764980
"Denmark",2018,0.017181959,13.688,5800,61390.69301,10.11,13.73846531,60920,12.126,0.93,2.148100376,1.871631145,1.832332611,5793636
"Estonia",2006,0.0238372093333333,10.0151,600.5,12631.56777,4.78,23.16620201,11500,31.393,0.832,1.020036578,1.157150984,1.140900135,1346810
"Estonia",2007,0.015539054,10.6948,832.7,16741.93912,5.03,22.65051454,13420,31.521,0.839,1.003259063,1.03731823,1.173004985,1340680
"Estonia",2008,0.039745689,10.4557,1039,18227.12008,5.75,20.72413415,15200,31.649,0.841,0.990575671,1.161840796,1.19912076,1337090
"Estonia",2009,0.055232558,9.7171,963,14794.97079,6.54,20.33495456,14620,31.777,0.838,1.007584095,1.009114146,1.131253362,1334515
"Estonia",2010,0.124888804666667,9.811,926.5,14790.82122,6.33,21.91824913,14700,31.906,0.844,0.995167315,1.085700631,1.159708977,1331475
"Estonia",2011,0.067279942,10.746,1015,17621.54744,5.82,21.55589908,16000,32.035,0.853,1.052501321,1.076736927,1.183797717,1327439
"Estonia",2012,0.07072385,10.3479,1013,17534.42154,5.83,21.51741236,16900,32.026,0.859,1.096038103,0.954537988,1.157106638,1322696
"Estonia",2013,0.0415966146666667,10.3255,1144,19174.10073,6.01,22.60502726,18250,31.878,0.863,1.188760996,0.974775255,1.198479652,1317997
"Estonia",2014,0.049719094,10.2215,1237,20367.10266,6.12,22.62244374,18990,31.731,0.865,1.303455591,1.016679525,1.372891307,1314545
"Estonia",2015,0.091241456,10.5025,1112,17522.23019,6.39,22.78413773,18680,31.584,0.871,1.293648124,1.067977548,1.331910014,1315407
"Estonia",2016,0.081742602,10.3826,1185,18237.29584,6.5,22.72888422,18280,31.437,0.875,1.272345304,1.090856671,1.226358056,1315790
"Estonia",2017,0.0809704023333333,9.9409,1300,20388.20955,6.43,23.66462499,18750,31.283,0.879,1.242426515,1.109356642,1.281881213,1317384
"Estonia",2018,0.0603095103333333,10.2474,1300,23258.46758,6.43,23.66462499,21350,31.12,0.882,1.506536484,1.191937923,1.239835262,1321977
"Finland",2006,0.0311940703333333,16.355,3286,41188.0937,8.01,19.72095817,42800,16.963,0.899,2.464972258,2.17011404,1.973504543,5266268
"Finland",2007,0.0270722466666667,17.1153,3775,48414.84509,7.83,19.82014626,46160,16.832,0.901,2.40054965,1.974781752,1.914935946,5288720
"Finland",2008,0.025958468,16.4782,4315,53554.03892,8.09,19.5440501,50070,16.701,0.904,2.337259531,2.050841331,1.922676086,5313399
"Finland",2009,0.0197028823333333,16.5638,4180,47293.99283,8.88,19.38837022,48800,16.571,0.899,2.251192331,2.229058743,1.970258117,5338871
"Finland",2010,0.028658073,17.0141,4100,46459.97325,8.88,19.96495873,49600,16.23,0.903,2.159788132,2.2293396,1.968725324,5363352
"Finland",2011,0.0381546313333333,18.5545,4549,51081.99767,8.96,19.33733374,50150,15.687,0.907,2.198592424,2.241137981,1.949498773,5388272
"Finland",2012,0.0264053863333333,17.983,4411,47710.79022,9.3,18.69531572,48940,15.159,0.908,2.235261202,2.220477581,1.951503277,5413971
"Finland",2013,0.027194036,16.9272,4307,49878.04324,8.67,19.33733374,49480,14.875,0.916,2.202126265,2.174288273,1.936688185,5438972
"Finland",2014,0.0252617736666667,16.5944,4740,50260.29986,9.49,18.92360151,49390,14.825,0.918,2.165774584,1.998275638,2.100273371,5461512
"Finland",2015,0.0280784183333333,15.7626,4122,42784.69836,9.7,19.77814883,47150,14.775,0.919,2.275324106,1.81301105,2.063105345,5479531
"Finland",2016,0.0234359093333333,15.0338,4095,43784.28396,9.43,20.49999535,45490,14.725,0.922,2.239527702,1.828907728,2.015213728,5495303
"Finland",2017,0.02749191,13.5916,4206,46316.74546,9.21,20.22742331,44740,14.675,0.924,2.215836048,1.936856508,2.027072906,5508214
"Finland",2018,0.017964064,13.1898,4206,50021.29106,9.21,20.22742331,48300,14.618,0.925,2.212743521,1.984208465,2.045141697,5515525
"France",2006,0.048053635,23.2338,3813,36443.62344,10.4,9.343630075,37850,22.623,0.865,1.463726521,1.632802367,1.474471927,63621381
"France",2007,0.0695185523333333,23.8414,4315,41508.43399,10.33,9.506957978,40130,22.379,0.867,1.464608192,1.471042156,1.472338557,64016225
"France",2008,0.0877553353333333,23.3297,4794,45334.11444,10.51,9.99231413,43460,22.132,0.869,1.407428026,1.582908034,1.507124543,64374984
"France",2009,0.116700083333333,24.4043,4724,41575.41875,11.3,10.14965624,43930,21.883,0.869,1.438242078,1.480974436,1.452676177,64707040
"France",2010,0.107284522666667,23.2071,4593,40638.334,11.24,10.22069007,43850,21.631,0.872,1.466379523,1.430300951,1.519731045,65027507
"France",2011,0.132428712,23.352,4933,43790.73205,11.2,10.22155136,44350,21.378,0.876,1.532393575,1.35914433,1.446996093,65342780
"France",2012,0.124200472,24.0061,4652,40874.70351,11.32,10.10120213,43380,21.122,0.878,1.455788136,1.340279341,1.454164147,65659809
"France",2013,0.128727237333333,24.1306,4900,42592.93409,11.44,9.928711504,43780,20.865,0.882,1.329576135,1.48182869,1.426772714,65998687
"France",2014,0.134718769333333,23.1241,4988,43011.2631,11.57,9.845147282,43320,20.606,0.887,1.314697027,1.403170347,1.474639177,66312067
"France",2015,0.127828465666667,23.792,4204,36638.18493,11.46,9.70665291,41100,20.345,0.888,1.305665612,1.436796069,1.413305163,66548272
"France",2016,0.119494000333333,23.8742,4257,37037.37419,11.48,9.551420808,39070,20.083,0.887,1.400143027,1.405252218,1.413081884,66724104
"France",2017,0.110202997333333,22.9691,4380,38812.16103,11.31,9.384219348,38340,19.82,0.89,1.25949657,1.352089524,1.438317537,66864379
"France",2018,0.1200226,23.5587,4380,41631.09074,11.31,9.384219348,41080,19.556,0.891,1.317085624,1.480525851,1.439210296,66965912
"Germany",2006,0.0696110146666667,12.5741,3684,36323.44774,10.12,14.49688375,38230,23.821,0.91,1.803052306,1.650242805,1.783432961,82376451
"Germany",2007,0.0710033696666667,13.3267,4167,41587.2129,9.97,14.43142295,40440,23.622,0.914,1.735840321,1.637843847,1.772996068,82266372
"Germany",2008,0.0538165066666667,13.4535,4636,45427.15168,10.16,14.1092062,43570,23.425,0.916,1.759812832,1.522835732,1.745705962,82110097
"Germany",2009,0.0593609743333333,13.7802,4643,41485.90165,11.14,13.91829103,43520,23.229,0.916,1.755257964,1.578987122,1.655951381,81902307
"Germany",2010,0.0688147416666667,13.3884,4597,41531.9342,11.01,14.04069811,44550,23.034,0.92,1.776269913,1.571171761,1.631237388,81776930
"Germany",2011,0.059125631,13.085,5022,46644.77603,10.72,14.05884922,47220,22.84,0.925,1.743272901,1.554961085,1.616170526,80274983
"Germany",2012,0.0593802676666667,13.6955,4755,43858.36306,10.78,14.11986351,46530,22.83,0.927,1.829577088,1.593369126,1.664947629,80425823
"Germany",2013,0.063047684,14.4872,5094,46285.76407,10.93,13.27638924,47190,22.82,0.927,1.813810706,1.542519927,1.649499655,80645605
"Germany",2014,0.0573223343333333,13.3729,5291,47959.99327,10.96,12.86283284,47620,22.81,0.93,1.838379741,1.731391549,1.856834173,80982500
"Germany",2015,0.0469437156666667,13.1123,4617,41139.54457,11.09,12.98534572,45850,22.8,0.933,1.837888479,1.736830235,1.794997096,81686611
"Germany",2016,0.0543394113333333,12.8394,4734,42098.92045,11.13,12.88281828,44290,22.776,0.936,1.843417764,1.734568119,1.622016311,82348669
"Germany",2017,0.056807568,12.3406,5033,44349.58966,11.25,12.67291903,43680,22.739,0.938,1.841110229,1.71929121,1.608338714,82657002
"Germany",2018,0.0472482463333333,11.8748,5033,47639.00344,11.25,12.67291903,47150,22.688,0.939,1.946861625,1.61963284,1.629486918,82905782
"Greece",2006,0.279374285666667,36.8892,2064,24801.15781,8.31,35.81883311,24550,25.173,0.851,0.363785923,0.636947989,0.873663366,11020362
"Greece",2007,0.306940532666667,38.8897,2439,28827.32636,8.45,34.00274515,26350,24.801,0.849,0.26738295,0.557945132,0.872375548,11048473
"Greece",2008,0.336964668666667,40.3944,2848,31997.28201,8.89,31.99404776,28660,24.432,0.857,0.13356024,0.58529228,0.862212479,11077841
"Greece",2009,0.330550968333333,34.5956,2816,29710.9703,9.47,29.30950224,29330,24.068,0.859,0.067469649,0.61948657,0.652814925,11107017
"Greece",2010,0.359219767,35.558,2574,26917.75898,9.56,28.12847197,27660,23.708,0.857,-0.057776872,0.556039333,0.630501211,11121341
"Greece",2011,0.375338471,31.6285,2354,25916.29353,9.1,30.91951609,24930,23.351,0.853,-0.098818809,0.512197733,0.572887123,11104899
"Greece",2012,0.358429624333333,28.1955,1968,22242.68193,8.88,30.13835847,23500,22.996,0.856,-0.189221814,0.319800168,0.426507235,11045011
"Greece",2013,0.336511254,27.99,1834,21874.8195,8.41,33.68635774,22540,22.645,0.858,-0.04531141,0.459202468,0.465021938,10965211
"Greece",2014,0.339756472333333,29.1725,1725,21760.9798,7.95,36.63310707,22180,22.298,0.866,-0.122388072,0.398586392,0.36259988,10892413
"Greece",2015,0.286005860333333,31.2566,1465,18167.77372,8.09,36.42956913,20320,21.954,0.868,-0.076613776,0.256060988,0.267145306,10820883
"Greece",2016,0.301429002333333,30.9553,1499,18116.45962,8.28,34.60354507,18890,21.613,0.866,-0.092085712,0.226677805,0.107345834,10775971
"Greece",2017,0.300255903,32.1485,1517,18930.21859,8.04,34.75020826,18360,21.276,0.871,-0.138348609,0.313373446,0.083919302,10754679
"Greece",2018,0.296195591,32.387,1517,20324.30501,8.04,34.75020826,19620,20.942,0.872,-0.066019207,0.338260889,0.152649522,10732882
"Hungary",2006,0.0837491816666667,15.0498,893.2,11475.82271,7.81,25.0464052,11250,33.105,0.811,0.658724189,0.872900426,0.997733533,10071370
"Hungary",2007,0.119668014,13.4094,1003,13918.96019,7.22,27.01435387,11790,32.579,0.814,0.622805893,0.70847553,0.96417439,10055780
"Hungary",2008,0.168715108666667,13.4216,1117,15753.47328,7.1,26.95135176,13230,32.057,0.818,0.471792012,0.707318962,0.92606169,10038188
"Hungary",2009,0.197520685,13.8559,943.7,13046.48101,7.25,26.26888156,13380,31.54,0.823,0.433832288,0.67319572,0.796490192,10022650
"Hungary",2010,0.237277903,13.6198,983.1,13113.52596,7.52,27.44554877,13190,31.089,0.826,0.365650147,0.666669607,0.780267775,10000023
"Hungary",2011,0.221633951,13.7978,1063,14150.96673,7.54,28.24357152,13170,30.642,0.823,0.399596125,0.674927473,0.764692008,9971727
"Hungary",2012,0.220300376333333,12.996,961.1,12918.24752,7.47,29.39691842,12990,30.322,0.826,0.356334448,0.628841758,0.615284204,9920362
"Hungary",2013,0.206608257666667,13.3688,990.6,13687.2461,7.26,28.38487625,13480,30.047,0.835,0.321602583,0.654968202,0.582692802,9893082
"Hungary",2014,0.195082634333333,14.0211,1006,14246.1098,7.09,28.36090922,13540,29.773,0.833,0.164560184,0.533443689,0.501931071,9866468
"Hungary",2015,0.192628138,14.697,870.5,12651.56834,6.97,27.48836577,13220,29.5,0.835,0.148635432,0.497252017,0.399935961,9843028
"Hungary",2016,0.185043103333333,13.3326,914.6,12992.37567,7.13,27.71828771,13050,29.221,0.838,0.097243495,0.464301646,0.423058361,9814023
"Hungary",2017,0.198136855333333,13.4288,981.4,14457.60876,6.88,26.89432502,13080,28.938,0.841,0.089291483,0.522134185,0.529676974,9787966
"Hungary",2018,0.201857888333333,13.6897,981.4,16150.77276,6.88,26.89432502,14760,28.649,0.845,0.053369705,0.487310886,0.554894567,9775564
"Iceland",2006,0,17.8008,5072,56673.60244,8.83,16.60773754,53610,6.841,0.893,2.183154345,1.893597007,1.895821095,303782
"Iceland",2007,0,17.069,6085,69054.27079,8.63,16.04090184,61930,6.722,0.899,2.208235979,1.795479417,1.845549464,311566
"Iceland",2008,0.0167874396666667,18.4473,4946,56409.7731,8.59,15.96008539,50100,6.605,0.892,2.343693018,1.83180964,1.865285873,317414
"Iceland",2009,0,17.1614,3693,41333.41853,8.87,16.6221723,41850,6.489,0.891,2.04151988,1.635218859,1.714270711,318499
"Iceland",2010,0.0312865496666667,19.8185,3645,43024.92349,8.53,18.18674654,36250,6.426,0.892,1.942624211,1.585731506,1.713806868,318041
"Iceland",2011,0.0223856206666667,19.8122,3867,47516.87469,8.25,18.47118735,37590,6.413,0.901,1.939585567,1.583260417,1.697877765,319014
"Iceland",2012,0.0383084576666667,19.6668,3707,45910.02055,8.2,18.57059449,40680,6.4,0.908,1.886239171,1.491027832,1.685005426,320716
"Iceland",2013,0.00287356333333333,19.4375,4031,49522.23659,8.22,18.25796515,46960,6.367,0.92,1.912273526,1.490048647,1.662147522,323764
"Iceland",2014,0.00472813233333333,17.1125,4476,54241.93466,8.28,17.98097789,48230,6.333,0.924,1.827839136,1.491399884,1.708532214,327386
"Iceland",2015,0,17.5867,4282,52564.42919,8.15,17.63640493,50160,6.3,0.927,1.939109683,1.492079139,1.66732955,330815
"Iceland",2016,0.00374531833333333,18.1668,5064,61466.80397,8.13,16.86918437,55150,6.265,0.932,1.949493647,1.385732055,1.51954484,335439
"Iceland",2017,0.00502512566666667,18.844,6086,71310.93925,8.33,16.48037881,60530,6.227,0.935,1.838142157,1.450543642,1.606575847,343400
"Iceland",2018,0.00698080266666667,20.4498,6086,72968.70423,8.33,16.48037881,67890,6.187,0.938,1.843912721,1.465654731,1.718736887,352721
"Ireland",2006,0.03939681,18.3497,4143,54306.42932,7.51,13.92956227,47910,39.262,0.895,1.710350394,1.536328793,1.722036839,4273591
"Ireland",2007,0.041127244,19.7032,4852,61359.74138,7.8,11.5712367,50530,39.06,0.899,1.7485919,1.560755491,1.745495081,4398942
"Ireland",2008,0.0361499983333333,19.309,5616,61262.10056,9.1,11.86308861,50920,38.859,0.9,1.749867439,1.500238299,1.715703964,4489544
"Ireland",2009,0.037511052,17.7884,5481,52105.15248,10.49,12.70052791,46810,38.658,0.896,1.759451747,1.336170197,1.750501871,4535375
"Ireland",2010,0.033582116,17.3857,5128,48715.17686,10.5,13.79563659,44880,38.458,0.89,1.688269019,1.349588037,1.768064141,4560155
"Ireland",2011,0.0327611253333333,19.209,5563,51848.90973,10.69,13.9069587,41900,38.258,0.894,1.562962532,1.455905318,1.755929351,4580084
"Ireland",2012,0.0574798386666667,19.4568,5240,48917.89756,10.68,13.88725638,40590,38.058,0.899,1.463657618,1.547128439,1.734316707,4599533
"Ireland",2013,0.0663718333333333,20.0484,5330,51590.18845,10.29,14.27645087,43480,37.859,0.908,1.538591504,1.485335708,1.731722951,4623816
"Ireland",2014,0.0588972446666667,19.5123,5392,55492.98268,9.65,14.03183043,46320,37.66,0.92,1.604880452,1.597104549,1.779152513,4657740
"Ireland",2015,0.0592704223333333,21.2936,4565,61995.42278,7.34,13.24400157,50350,37.462,0.926,1.615371466,1.533082247,1.774898171,4701957
"Ireland",2016,0.0657420196666667,20.3775,4721,63197.08237,7.38,12.77513355,52490,37.263,0.936,1.58335638,1.331620812,1.517243624,4755335
"Ireland",2017,0.064071206,19.35,4977,69822.34718,7.18,12.28111684,53480,37.053,0.939,1.548582196,1.290976882,1.427983165,4807388
"Ireland",2018,0.0583059796666667,20.8627,4977,78621.22796,7.18,12.28111684,59640,36.83,0.942,1.547599554,1.420338392,1.463336468,4867316
"Italy",2006,0.139336565666667,22.3112,2830,33501.65817,8.46,21.31744474,34250,32.144,0.862,0.483804554,0.364740819,0.38762024,58143979
"Italy",2007,0.166568339333333,22.8722,3088,37822.66524,8.16,21.51615471,35900,32.026,0.866,0.336824447,0.197625935,0.478748947,58438310
"Italy",2008,0.193604499,23.5944,3490,40778.34274,8.56,21.33932561,37910,31.908,0.868,0.270140916,0.279626578,0.455116183,58826731
"Italy",2009,0.157211724333333,23.7273,3324,37079.75867,8.98,20.66364437,37870,31.791,0.868,0.199060738,0.421652019,0.404739648,59095365
"Italy",2010,0.176144732333333,23.0233,3215,36000.52012,8.95,20.54892778,37850,31.673,0.871,0.126922861,0.44190973,0.430328697,59277417
"Italy",2011,0.205995993,23.0974,3388,38599.06221,8.83,22.02690393,37900,31.556,0.875,0.181863904,0.377540648,0.466513753,59379449
"Italy",2012,0.239845714333333,22.5146,3126,35053.52624,8.96,21.67975903,36200,31.316,0.874,0.066174991,0.42067042,0.403319508,59539717
"Italy",2013,0.221026499666667,23.3234,3196,35549.9747,8.95,21.76292092,35550,31.021,0.873,0.05163566,0.458483517,0.402901322,60233948
"Italy",2014,0.228444301,22.6266,3190,35518.41529,9.01,22.13684618,34890,30.728,0.874,-0.029641563,0.374144018,0.37739116,60789140
"Italy",2015,0.214301885666667,22.3836,2709,30230.2263,8.99,23.13825786,32980,30.435,0.875,0.016264148,0.447952747,0.275050968,60730582
"Italy",2016,0.219212960666667,21.8364,2736,30939.71425,8.88,22.92509377,31950,30.145,0.878,0.084406801,0.534770429,0.329159915,60627498
"Italy",2017,0.209310665333333,19.0155,2840,32406.72032,8.84,23.48580658,31360,29.856,0.881,0.188600972,0.502127409,0.324624747,60536709
"Italy",2018,0.170261458,19.4968,2840,34520.08516,8.84,23.48580658,33770,29.562,0.883,0.235666126,0.413883507,0.246396452,60421760
"Latvia",2006,0.0969135803333333,9.7471,552.3,9663.373451,5.74,35.59818268,8880,32.033,0.809,0.369864076,0.685126245,0.669317961,2218357
"Latvia",2007,0.084851552,10.4864,807,14042.46242,5.77,39.3208921,11160,32.1,0.818,0.352403969,0.480013371,0.759256601,2200325
"Latvia",2008,0.223102823333333,9.6946,913.5,16376.99836,5.63,37.30623424,13440,32.166,0.821,0.254886359,0.558495283,0.809207201,2177322
"Latvia",2009,0.13416426,9.3298,744.7,12257.21657,6.15,38.78267705,14040,32.186,0.819,0.226274058,0.623809874,0.814353228,2141669
"Latvia",2010,0.213654911,9.9464,689.1,11348.40623,6.15,37.18564808,12580,32.159,0.817,0.228307128,0.708809972,0.787803769,2097555
"Latvia",2011,0.167094017,10.7763,764.6,13832.39118,5.57,34.296754,13150,32.131,0.822,0.286647677,0.698138297,0.747023225,2059709
"Latvia",2012,0.199992502666667,10.9601,745.5,13850.64282,5.42,37.82342374,13850,32.103,0.825,0.245458975,0.838448524,0.785476744,2034319
"Latvia",2013,0.225202020333333,11.3423,807.1,15041.17446,5.4,38.47148418,14930,32.075,0.834,0.328415573,0.889026761,0.767849863,2012647
"Latvia",2014,0.183037508666667,10.624,855.6,15740.32675,5.47,39.10600841,15300,32.048,0.836,0.415365428,0.958550274,0.872382939,1993782
"Latvia",2015,0.208209875,11.1386,775.6,13698.93795,5.71,40.53730965,15010,32.02,0.842,0.468176097,1.08944416,0.794590116,1977527
"Latvia",2016,0.203162368,11.0567,874.2,14153.41492,6.21,43.44228208,14600,31.979,0.845,0.431138307,1.005264163,0.958982587,1959537
"Latvia",2017,0.132433201,12.0534,930.4,15586.58189,5.96,41.98757708,14720,31.925,0.849,0.53583014,0.903794527,0.931378543,1942248
"Latvia",2018,0.217947219666667,11.4286,930.4,17805.28031,5.96,41.98757708,16520,31.858,0.854,0.328646898,1.043451786,0.956315875,1927174
"Lithuania",2006,0.10866054,22.0863,536.1,9240.642548,5.84,31.85560703,8820,33.294,0.819,0.161695048,0.726338387,0.716303349,3269909
"Lithuania",2007,0.0820965433333333,19.7204,704.3,12297.91535,5.76,28.40399444,10620,33.223,0.826,0.13014929,0.701870203,0.726696849,3231294
"Lithuania",2008,0.148122383666667,20.996,936.5,14961.56818,6.29,28.17394733,12660,33.152,0.831,0.139662281,0.616990626,0.72248292,3198231
"Lithuania",2009,0.192253908333333,16.1981,864.7,11837.39103,7.36,26.81708038,12430,33.158,0.821,0.231553197,0.693558395,0.728031814,3162916
"Lithuania",2010,0.158718286,14.411,805.2,11957.08421,6.82,27.59107947,12560,33.243,0.824,0.376731932,0.743253648,0.782363355,3097282
"Lithuania",2011,0.184822152666667,15.4814,925.5,14354.18838,6.5,28.22128236,13290,33.259,0.831,0.327106059,0.703799188,0.774957716,3028115
"Lithuania",2012,0.225937377333333,13.2688,896.9,14339.28787,6.29,31.8008393,14070,33.136,0.835,0.393993855,0.833409011,0.85041523,2987773
"Lithuania",2013,0.144368667666667,15.1148,958.9,15702.14306,6.14,32.82087147,15310,33.014,0.84,0.426032931,0.831737101,0.836003721,2957689
"Lithuania",2014,0.213033623333333,13.126,1021,16548.40641,6.2,31.49276078,16040,32.892,0.852,0.558858037,0.982653379,0.939177334,2932367
"Lithuania",2015,0.228602701,13.636,920.2,14249.11497,6.48,31.83712065,15170,32.77,0.855,0.617654681,1.184934258,1.008047462,2904910
"Lithuania",2016,0.184901174333333,13.5114,988.5,14999.47964,6.64,32.31704831,14870,32.634,0.86,0.713836074,1.070065498,1.029358149,2868231
"Lithuania",2017,0.231230922666667,13.5566,1078,16882.63947,6.46,32.2738111,15260,32.484,0.866,0.553735316,0.965336978,0.99265039,2828403
"Lithuania",2018,0.205145393,15.4257,1078,19080.61737,6.46,32.2738111,17380,32.321,0.869,0.4979783,1.072397828,0.956690431,2801543
"Luxembourg",2006,0.005988024,21.2929,6065,89739.7117,6.71,13.37627918,71580,12.991,0.884,1.882663846,1.571361542,1.699837685,472637
"Luxembourg",2007,0.0524237473333333,23.0678,6662,106018.4928,6.23,10.30742005,86210,12.591,0.888,1.971466184,1.592555285,1.765278339,479993
"Luxembourg",2008,0.0388792483333333,22.9926,7548,114293.8433,6.54,10.06149203,88000,12.2,0.89,1.971971512,1.625626564,1.801214099,488650
"Luxembourg",2009,0.109634551666667,23.7525,7640,103198.6693,7.34,9.895283729,71220,11.822,0.885,1.973333359,1.747320056,1.827186227,497783
"Luxembourg",2010,0.0481991523333333,23.1935,7452,104965.3061,7.03,10.23235396,78220,11.453,0.893,2.046461344,1.721773505,1.85144341,506953
"Luxembourg",2011,0.151803981666667,23.3347,7165,115761.5077,6.11,10.87945402,76260,11.094,0.892,2.159843683,1.748484015,1.833190441,518347
"Luxembourg",2012,0.097154079,23.1448,7097,106749.0136,6.57,10.4518801,75450,10.751,0.892,2.122711658,1.672071934,1.7989043,530946
"Luxembourg",2013,0.0832787543333333,23.1353,6522,113625.1329,5.67,11.06899157,75500,10.426,0.892,2.123356342,1.629902482,1.816298723,543360
"Luxembourg",2014,0.0845314313333333,21.5989,6681,118823.6484,5.56,11.05491295,76470,10.116,0.895,2.073182344,1.65443325,1.906487703,556319
"Luxembourg",2015,0.0736402726666667,21.8471,5567,101376.4966,5.48,10.61571091,72470,9.821,0.899,2.09668684,1.72407794,1.874648809,569604
"Luxembourg",2016,0.102289085333333,21.3645,5596,104278.391,5.47,10.49742699,68670,9.54,0.904,2.096853733,1.692345738,1.760356069,582014
"Luxembourg",2017,0.086643544,20.9298,5783,107627.151,5.48,10.6895417,66430,9.273,0.908,1.985519648,1.683146834,1.737712979,596336
"Luxembourg",2018,0.075069595,20.6867,5783,116654.2611,5.48,10.6895417,70910,9.019,0.909,2.088051796,1.778221369,1.80984962,607950
"Malta",2006,0.0403281876666667,15.0163,1474,16671.5672,8.84,29.62184846,16300,6.216,0.826,1.010356903,1.025021791,1.568243623,405308
"Malta",2007,0.0527065526666667,15.0163,1596,19375.5696,8.22,31.07822537,17730,6.143,0.831,1.023427129,1.206339955,1.629644036,406724
"Malta",2008,0.139784946333333,17.893,1751,21928.70067,7.96,32.99180269,19950,6.071,0.833,0.997960448,1.279612303,1.624920011,409379
"Malta",2009,0.103302778666667,18.6035,1677,20675.58259,8.08,32.45967627,19520,5.999,0.835,0.772958219,1.173995137,1.480706453,412477
"Malta",2010,0.157920844,18.0963,1734,21107.36443,8.21,33.02583098,20540,5.928,0.847,0.790017307,1.192727447,1.416975498,414508
"Malta",2011,0.122626992333333,20.0757,1960,22858.58609,8.56,33.16239417,21440,5.859,0.848,0.766042888,1.195340633,1.286828995,416268
"Malta",2012,0.0862098426666667,19.4984,1899,21916.41159,8.61,32.09076226,21650,5.789,0.854,0.94321835,1.247961402,1.344981909,420028
"Malta",2013,0.112847333666667,20.6661,2121,23837.27999,8.83,30.22222221,22710,5.721,0.861,0.983500004,1.257873297,1.333084106,425967
"Malta",2014,0.125081662333333,20.4509,2462,26008.82772,9.37,36.38644814,24260,5.653,0.868,0.851744354,1.028361678,1.193639755,434558
"Malta",2015,0.113051948,18.7583,2250,24002.52329,9.24,37.10762262,24680,5.586,0.877,0.900374472,0.850428402,1.135585546,445053
"Malta",2016,0.0839789573333333,18.3857,2328,25133.04565,9.17,35.02109647,23580,5.52,0.881,0.721244872,0.9557845,0.997758865,455356
"Malta",2017,0.142275543333333,19.7945,2586,27239.0701,9.34,34.75378752,23570,5.454,0.883,0.739660442,1.004371881,1.143620372,467999
"Malta",2018,0.172539895333333,18.5797,2586,30133.46617,9.34,34.75378752,26350,5.388,0.885,0.579995453,0.968795955,1.053262472,484630
"Netherlands",2006,0.0103595673333333,9.6807,4077,44863.35063,9.08,8.327053487,45910,16.364,0.897,2.050478697,1.788717747,1.783091784,16346101
"Netherlands",2007,0.01902372,9.8592,4690,51733.44213,9.05,7.888962328,49110,15.461,0.904,2.169936895,1.728332758,1.787349582,16381696
"Netherlands",2008,0.0329297873333333,10.0085,5361,57644.47997,9.28,9.923715144,52670,14.598,0.906,2.11823535,1.696206212,1.761363387,16445593
"Netherlands",2009,0.015349441,10.1139,5262,52514.02712,9.99,9.069506824,53670,13.712,0.906,2.13432312,1.739726305,1.814506173,16530388
"Netherlands",2010,0.022126581,10.008,5187,50950.03434,10.16,9.095671028,53900,12.866,0.911,2.143759251,1.729365945,1.819352388,16615394
"Netherlands",2011,0.0316849756666667,10.1292,5555,54159.34661,10.23,9.482382983,54480,12.121,0.922,2.120604277,1.788898706,1.822073698,16693074
"Netherlands",2012,0.02320538,10.0884,5285,50073.00566,10.54,10.0906767,52930,11.412,0.921,2.117599487,1.813399553,1.861233473,16754962
"Netherlands",2013,0.021690056,9.6108,5531,52184.06185,10.58,11.53488532,52950,10.813,0.924,2.046001911,1.78395927,1.8350811,16804432
"Netherlands",2014,0.022935685,9.4164,5594,52830.17423,10.57,11.58756539,51980,10.31,0.925,1.990493894,1.817106485,1.980402589,16865008
"Netherlands",2015,0.0257792413333333,9.4898,4675,45175.23189,10.32,11.28642857,49810,9.827,0.927,1.884297013,1.832506895,1.944192171,16939923
"Netherlands",2016,0.0279088256666667,9.2481,4753,46007.85292,10.3,11.30024791,46900,9.365,0.929,1.913111448,1.833539486,1.894409895,17030314
"Netherlands",2017,0.0302103353333333,8.9412,4911,48675.22234,10.1,11.08693331,47140,8.923,0.932,1.867299438,1.85179317,1.830022931,17131296
"Netherlands",2018,0.029800275,8.8975,4911,53048.09621,10.1,11.08693331,51310,8.51,0.934,2.009312391,1.850465655,1.815322399,17231624
"Norway",2006,0.0115466103333333,14.5082,5893,74148.32008,7.92,16.4525494,69990,22.05,0.936,2.133688211,1.879103065,1.979784608,4660677
"Norway",2007,0.00857142866666667,15.1596,6896,85139.96045,8.05,16.07217342,78500,21.766,0.938,1.992581248,2.024723053,1.946529388,4709153
"Norway",2008,0.0114862296666667,15.2127,7768,96944.09561,7.96,15.65692127,87520,21.474,0.938,1.906426668,1.842090368,1.970246673,4768212
"Norway",2009,0.013365077,14.8862,7302,79977.69708,9.06,15.25448412,87910,21.185,0.938,1.994785309,1.841374755,1.881072044,4828726
"Norway",2010,0.0101786093333333,15.4061,7860,87693.79007,8.9,15.04647136,88560,20.898,0.942,2.085211277,1.878928065,1.897269487,4889252
"Norway",2011,0.011309923,16.1062,8900,100600.5624,8.78,15.20982683,90420,20.545,0.943,2.149326324,1.837559104,1.873943806,4953088
"Norway",2012,0.0226900806666667,16.5331,8970,101524.1419,8.77,14.80008215,99220,20.126,0.942,2.256409407,1.909127474,1.958512545,5018573
"Norway",2013,0.0256369743333333,15.8313,9241,102913.4508,8.92,14.59419578,104330,19.714,0.946,2.294474602,1.884966731,1.980009913,5079623
"Norway",2014,0.0247245066666667,15.5436,9118,97019.18275,9.33,14.37853277,104560,19.308,0.945,2.226565599,1.828457475,2.029048204,5137232
"Norway",2015,0.018345269,15.4323,7566,74355.51586,10.11,14.14276958,93110,18.909,0.948,2.242803812,1.864499331,2.011147022,5188607
"Norway",2016,0.0239499923333333,14.8937,7497,70459.1825,10.52,14.27099854,81810,18.515,0.951,2.196582556,1.86937499,2.036334038,5234519
"Norway",2017,0.0235037923333333,14.3658,7936,75496.75406,10.45,14.17728662,76210,18.129,0.953,2.236802578,1.983223081,2.020279169,5276968
"Norway",2018,0.027406359,13.9812,7936,81734.46557,10.45,14.17728662,80640,17.752,0.954,2.090203762,1.887119412,1.964528322,5311916
"Poland",2006,0.215247303,18.7066,524.1,9038.654807,5.8,27.3152113,8470,38.659,0.813,0.274150729,0.373784333,0.404506028,38141267
"Poland",2007,0.107081778666667,18.7066,660.9,11255.37983,5.87,26.67068243,9970,38.771,0.819,0.299163818,0.387233764,0.428653359,38120560
"Poland",2008,0.149901268333333,17.414,892.6,14001.38156,6.37,24.43300337,11970,38.884,0.824,0.461351156,0.473243326,0.546503127,38125759
"Poland",2009,0.130834165666667,20.0809,759.6,11527.53442,6.59,24.51955527,12530,38.996,0.828,0.445084333,0.531756818,0.62840575,38151603
"Poland",2010,0.166224508,17.9982,809.2,12599.53358,6.42,23.86526614,12770,39.108,0.835,0.497079551,0.640948951,0.683574736,38042794
"Poland",2011,0.222703226333333,18.2179,866.1,13893.50926,6.23,23.96363318,12950,39.22,0.84,0.557022214,0.620748818,0.766173959,38063255
"Poland",2012,0.259384156666667,19.8787,815.1,13145.53926,6.2,24.2740646,13300,39.346,0.836,0.663234055,0.675630391,0.780411541,38063164
"Poland",2013,0.245525471,20.4971,878.1,13781.06261,6.38,23.80160242,13530,39.471,0.851,0.596016347,0.722514808,0.819490671,38040196
"Poland",2014,0.289736876333333,19.8834,911.3,14347.91458,6.35,23.01104367,13680,39.597,0.853,0.635148048,0.827383578,0.840595961,38011735
"Poland",2015,0.298797897,22.8069,804,12572.4266,6.4,23.31281453,13350,39.722,0.858,0.669521451,0.798782945,0.802058518,37986412
"Poland",2016,0.275701322666667,20.7318,813.5,12431.81589,6.54,23.08046073,12680,39.822,0.864,0.739105165,0.706566393,0.636217952,37970087
"Poland",2017,0.278588729333333,23.7883,906.8,13861.30936,6.54,23.04979265,12740,39.895,0.868,0.724992394,0.643040895,0.472560197,37974826
"Poland",2018,0.305034586333333,23.0221,906.8,15460.64428,6.54,23.04979265,14150,39.942,0.872,0.641523778,0.662650824,0.427449137,37974750
"Portugal",2006,0.094728732,19.0999,1813,19822.84603,9.14,25.13699532,19390,41.863,0.803,1.01692152,0.874538302,0.985909998,10522288
"Portugal",2007,0.074848298,18.7196952192026,2067,22782.09462,9.07,25.67330897,20850,41.251,0.81,1.036280632,0.900741637,1.016892791,10542964
"Portugal",2008,0.0961886446666667,18.99,2322,24847.54514,9.35,25.81731975,22590,40.641,0.814,1.070165277,1.085485101,1.020403624,10558177
"Portugal",2009,0.112184202666667,19.134,2279,23059.79745,9.88,24.60703701,22920,40.036,0.817,1.092931271,1.156264782,1.064921498,10568247
"Portugal",2010,0.133106511333333,18.612,2213,22498.69086,9.82,24.55263883,22960,39.433,0.822,1.090370893,1.010234594,1.05659771,10573100
"Portugal",2011,0.147431145333333,19.2262,2208,23186.91313,9.53,26.30024552,22720,38.833,0.827,1.112963796,0.947194099,1.02385664,10557560
"Portugal",2012,0.174484395,18.7098,1919,20564.88986,9.35,28.17890942,21150,38.237,0.829,0.96023792,1.035027623,1.065502048,10514844
"Portugal",2013,0.13919651,16.0974,1959,21647.04181,9.09,26.9631058,21370,37.648,0.837,0.950478137,1.230732441,1.058801651,10457295
"Portugal",2014,0.171724322,16.5963,1987,22074.30076,9.02,27.70278156,21190,37.064,0.84,0.947626293,0.988590837,1.137530565,10401062
"Portugal",2015,0.165010559333333,17.3372,1725,19242.36647,8.97,27.72781551,20440,36.486,0.843,0.964724958,1.220341086,1.146594763,10358076
"Portugal",2016,0.165515532,17.5384,1803,19978.40121,9.04,27.79162228,19930,35.914,0.846,0.92550689,1.209820509,1.097241998,10325452
"Portugal",2017,0.170213308,16.3669,1908,21490.42986,8.97,27.53207982,20050,35.348,0.848,0.873952627,1.332027793,1.132149458,10300300
"Portugal",2018,0.160409562666667,17.1966,1908,23461.57186,8.97,27.53207982,21990,34.789,0.85,0.849960387,1.208908916,1.140163064,10283822
"Romania",2006,0.285987526,9.6463,291,5757.496429,5.07,19.99056488,4900,46.695,0.766,-0.163892508,-0.210183203,-0.117874376,21193760
"Romania",2007,0.300435910333333,20.8520947025616,415.1,8360.166321,5.02,17.59607494,6510,46.564,0.78,-0.182706311,-0.319075227,-0.090740047,20882982
"Romania",2008,0.300985242333333,25.6692926370493,521.3,10435.04398,5.02,18.182154,8800,46.433,0.795,-0.14283666,-0.324172407,-0.013610071,20537875
"Romania",2009,0.184204031333333,9.6463,449.4,8548.118672,5.28,20.78450471,9220,46.302,0.798,-0.262549967,-0.359749705,0.045407757,20367487
"Romania",2010,0.265931372666667,25.9402,472.2,8209.919456,5.77,19.63123679,8640,46.171,0.797,-0.226526499,-0.265529186,0.048213527,20246871
"Romania",2011,0.333333333333333,26.4766,426.6,9104.995622,4.7,24.27583933,8660,46.04,0.798,-0.213255227,-0.328980565,0.056954619,20147528
"Romania",2012,0.355997960666667,25.9402,401.7,8535.046876,4.72,22.42794037,8780,46.026,0.796,-0.263397515,-0.311950058,0.042129636,20058035
"Romania",2013,0.340345727333333,26.7645,495.2,9555.244217,5.19,20.17611563,9320,46.063,0.8,-0.18797645,-0.074424632,0.125015959,19983693
"Romania",2014,0.434264339666667,26.6204,503.3,10026.97358,5.03,20.31369954,9680,46.1,0.803,-0.112616196,-0.025993757,0.165362,19908979
"Romania",2015,0.421044819666667,28.0473,442.2,8977.437382,4.94,21.28169239,9650,46.113,0.806,-0.017646439,-0.056130581,0.157543659,19815616
"Romania",2016,0.386066955333333,24.4245,476.2,9567.129345,4.99,20.75504959,9650,46.1,0.808,-0.018714854,-0.169035584,0.360988885,19702267
"Romania",2017,0.413982135666667,24.5039,555.1,10807.79539,5.16,20.48804611,10110,46.064,0.813,-0.03147899,-0.172128066,0.387540936,19587290
"Romania",2018,0.342801001333333,24.9563,555.1,12408.59649,5.16,20.48804611,11430,46.002,0.816,-0.121651269,-0.253441751,0.325064033,19472545
"Slovenia",2006,0.0978264586666667,12.4595,1542,19672.96549,7.8,12.27804348,19820,48.242,0.868,1.034196496,0.963559985,0.910226941,2006868
"Slovenia",2007,0.0949996963333333,13.4478,1794,23787.64669,7.49,13.63123655,21790,48.017,0.873,1.009254336,0.936191022,0.923824251,2018122
"Slovenia",2008,0.127462383666667,12.6229,2171,27483.33695,7.85,12.63994575,24620,47.791,0.878,0.981918633,1.187827349,1.00898242,2021316
"Slovenia",2009,0.117905602666667,11.9269,2117,24694.23056,8.56,12.77988851,24380,47.567,0.877,1.058565736,1.154733896,1.07542634,2039669
"Slovenia",2010,0.103707798666667,11.8137,2015,23509.54339,8.59,12.6401633,24540,47.342,0.881,0.922867894,1.02644074,1.008394241,2048583
"Slovenia",2011,0.112964311,11.8791,2145,25095.13263,8.57,12.19664216,24580,47.117,0.883,0.948806465,0.98951149,1.052851915,2052843
"Slovenia",2012,0.0991709153333333,11.783,1975,22643.10025,8.76,12.4599658,23250,46.892,0.876,0.839746892,1.031650066,1.014998674,2057159
"Slovenia",2013,0.105633422666667,11.907,2055,23496.60231,8.79,12.45486438,23230,46.668,0.884,0.729321599,1.013162732,1.000792265,2059953
"Slovenia",2014,0.149021628666667,11.6207,2060,24214.92207,8.51,12.98344582,23610,46.443,0.886,0.726776481,1.005159855,1.001514196,2061980
"Slovenia",2015,0.106817691333333,11.855,1775,20881.76677,8.5,12.49877736,22250,46.219,0.886,0.772998154,0.972418487,0.974570155,2063531
"Slovenia",2016,0.117982127,10.6526,1834,21622.58068,8.48,12.00222373,21750,45.98,0.892,0.822988153,1.127258778,1.082672358,2065042
"Slovenia",2017,0.110577698333333,10.7356,1920,23500.75223,8.19,12.32816875,22110,45.727,0.899,0.813808024,1.170688272,1.023465395,2066388
"Spain",2006,0.029478109,14.9631,2228,28365.31349,7.75,21.27019912,27820,22.498,0.848,1.185721397,0.83720243,1.131011367,44397319
"Spain",2007,0.058739113,15.9434,2587,32549.97098,7.83,21.03814483,29740,22.26,0.853,1.0866431,0.993321776,1.168316364,45226803
"Spain",2008,0.0597931446666667,15.7652,2968,35366.2596,8.29,21.01576924,32190,22.024,0.856,1.190226078,0.920346916,1.193508863,45954106
"Spain",2009,0.077139778,15.6735,2913,32042.47408,8.98,19.5030123,32460,21.79,0.858,1.062199712,0.945832193,1.162589192,46362946
"Spain",2010,0.0749343713333333,16.194,2775,30502.71971,9.01,20.75950205,31880,21.558,0.865,1.084354401,0.994798839,1.188944459,46576897
"Spain",2011,0.0861567093333333,16.597,2895,31636.44631,9.08,21.11074477,30950,21.327,0.87,1.104123712,1.02723515,1.198051929,46742697
"Spain",2012,0.0849823423333333,15.6555,2589,28324.42934,9.07,22.84075618,29520,21.098,0.873,1.128225803,1.120682478,1.064827085,46773055
"Spain",2013,0.0976222543333333,16.1563,2629,29059.54795,9.02,23.98318201,29210,20.867,0.875,0.903092504,1.154522538,1.0205158,46620045
"Spain",2014,0.0924137173333333,17.0698,2671,29461.55033,9.02,24.36438203,29130,20.634,0.88,0.629841745,1.1597054,0.952644229,46480882
"Spain",2015,0.104610205666667,17.4888,2352,25732.01836,9.11,23.78713787,28430,20.398,0.885,0.583900213,1.174035192,0.901592016,46444832
"Spain",2016,0.110322778,25.6276,2391,26505.34322,8.97,23.93914312,27530,20.16,0.888,0.515630543,1.115842104,0.978824794,46484062
"Spain",2017,0.0972276,25.0078,2506,28170.43457,8.87,23.56579006,27060,19.92,0.891,0.491772741,1.033853531,1.008470416,46593236
"Spain",2018,0.110027343666667,24.3111,2506,30337.67913,8.87,23.56579006,29320,19.679,0.893,0.613605201,1.002135754,0.968262732,46797754
"Sweden",2006,0.002676033,14.9508,3789,46593.60216,8.15,17.03516543,48820,15.57,0.902,2.196596384,1.80431509,1.864799023,9080505
"Sweden",2007,0.005412842,15.0706,4322,53700.00534,8.06,16.94321185,51970,15.412,0.905,2.244637012,2.025398016,1.909889698,9148092
"Sweden",2008,0.00771314,14.2216,4653,56152.55234,8.3,16.92032367,55480,15.254,0.901,2.227349281,1.956433296,1.931482196,9219637
"Sweden",2009,0.0086205565,13.6945,4152,46946.96027,8.93,16.90623462,52470,15.098,0.899,2.253190994,2.045358896,1.965965271,9298515
"Sweden",2010,0.010278507,13.7565,4437,52869.04429,8.48,16.94122553,54580,14.944,0.906,2.274586916,2.004213095,1.955096722,9378126
"Sweden",2011,0.0157473876666667,13.8858,6387,60755.75955,10.67,15.0433436,56570,14.703,0.906,2.196956873,1.96506381,1.941077232,9449213
"Sweden",2012,0.0218839116666667,13.7087,6274,58037.82132,10.93,15.4042542,58930,14.38,0.908,2.312869072,1.957009554,1.951555252,9519374
"Sweden",2013,0.0262917063333333,12.65,6723,61126.9432,11.09,15.53537697,61580,14.064,0.927,2.29162097,1.909026146,1.972878098,9600379
"Sweden",2014,0.016908308,12.4811,6628,60020.36046,11.13,15.51090479,61690,13.753,0.929,2.153375149,1.803889275,1.992006302,9696110
"Sweden",2015,0.023016699,11.9241,5623,51545.48361,11,15.48625827,58250,13.447,0.932,2.241128206,1.815902472,2.037792206,9799186
"Sweden",2016,0.0350909336666667,11.6734,5707,51965.15715,10.98,15.33536315,54370,13.148,0.934,2.191839695,1.773643494,2.01903367,9923085
"Sweden",2017,0.028163978,11.2584,5905,53791.50873,11.02,15.03260434,52970,12.854,0.935,2.138959408,1.837575555,1.936156511,10057698
"Sweden",2018,0.0253126233333333,10.7826,5905,54589.06039,11.02,15.03260434,55620,12.569,0.937,2.139881849,1.830975056,1.894910097,10175214
"United Kingdom",2006,0.0386853716666667,13.5192,3252,44599.69757,7.31,10.18192694,45230,19.801,0.889,1.79232657,1.670994282,1.785749197,60846820
"United Kingdom",2007,0.0442099866666667,14.4717,3740,50566.8266,7.41,10.40985957,47650,19.521,0.892,1.742208004,1.648174167,1.737427235,61322463
"United Kingdom",2008,0.030867919,14.9073,3606,47286.99849,7.65,9.436758608,48580,19.243,0.896,1.682486892,1.643774986,1.708198905,61806995
"United Kingdom",2009,0.0299740616666667,15.1974,3274,38713.13743,8.48,9.372603148,44220,18.969,0.899,1.632727146,1.512003183,1.7389853,62276270
"United Kingdom",2010,0.032234179,16.4634,3309,39435.8399,8.43,9.79340598,41650,18.698,0.905,1.604826927,1.568379402,1.764102578,62766365
"United Kingdom",2011,0.027301948,16.5041,3502,42038.57225,8.38,9.883193672,41070,18.43,0.899,1.616091013,1.558900833,1.650690675,63258810
"United Kingdom",2012,0.0271585513333333,17.661,3493,42462.77157,8.29,9.715238214,41700,18.163,0.897,1.674152732,1.547542214,1.718675971,63700215
"United Kingdom",2013,0.0383949536666667,18.3145,4208,43444.533,9.77,15.03525972,42740,17.898,0.914,1.699135184,1.495450616,1.705037713,64128273
"United Kingdom",2014,0.0301638043333333,18.5446,4601,47425.60768,9.76,14.97426927,44330,17.635,0.918,1.738477588,1.626729727,1.889571428,64602298
"United Kingdom",2015,0.0416642526666667,17.8977,4326,44974.83188,9.69,15.12357891,44290,17.374,0.916,1.876371026,1.743744612,1.813059926,65116219
"United Kingdom",2016,0.033964213,17.452,3945,41064.13343,9.7,15.49326032,42980,17.114,0.918,1.898976684,1.60161829,1.691506982,65611593
"United Kingdom",2017,0.0358600563333333,17.0555,3859,40361.41738,9.63,15.95682204,41370,16.857,0.919,1.843364477,1.414132953,1.679469466,66058859
"United Kingdom",2018,0.0438081206666667,16.2974,3859,43043.22782,9.63,15.95682204,41730,16.602,0.92,1.826838136,1.341883779,1.637675166,66460344
